budget,revenue,type
237,2787.965087,Action
237,2787.965087,Adventure
237,2787.965087,Science Fiction
300,961,Adventure
300,961,Action
245,880.674609,Action
245,880.674609,Adventure
245,880.674609,Crime
250,1084.939099,Action
250,1084.939099,Crime
260,284.1391,Action
260,284.1391,Adventure
260,284.1391,Science Fiction
258,890.871626,Action
258,890.871626,Adventure
260,591.794936,Animation
280,1405.403694,Action
280,1405.403694,Adventure
280,1405.403694,Science Fiction
250,933.959197,Adventure
250,873.260194,Action
250,873.260194,Adventure
270,391.081192,Adventure
270,391.081192,Action
270,391.081192,Science Fiction
200,586.090727,Adventure
200,586.090727,Action
200,586.090727,Crime
200,1065.659812,Adventure
200,1065.659812,Action
255,89.28991,Action
255,89.28991,Adventure
225,662.845518,Action
225,662.845518,Adventure
225,662.845518,Science Fiction
225,419.651413,Adventure
220,1519.55791,Science Fiction
220,1519.55791,Action
220,1519.55791,Adventure
380,1045.713802,Adventure
380,1045.713802,Action
225,624.026776,Action
225,624.026776,Science Fiction
250,956.019788,Action
250,956.019788,Adventure
215,752.215857,Action
215,752.215857,Adventure
200,310.66954,Action
200,310.66954,Adventure
250,958.4,Adventure
180,372.234864,Adventure
207,550,Adventure
207,550,Action
200,1845.034188,Romance
250,1153.304495,Adventure
250,1153.304495,Action
250,1153.304495,Science Fiction
209,303.025485,Action
209,303.025485,Adventure
209,303.025485,Science Fiction
150,1513.52881,Action
150,1513.52881,Adventure
150,1513.52881,Science Fiction
200,1108.561013,Action
200,1108.561013,Adventure
200,783.766341,Action
200,783.766341,Adventure
200,1215.439994,Action
200,1215.439994,Adventure
200,1215.439994,Science Fiction
200,1025.49111,Adventure
210,459.359555,Adventure
210,459.359555,Action
210,459.359555,Science Fiction
200,743.559607,Animation
150,836.297228,Science Fiction
150,836.297228,Action
150,836.297228,Adventure
210,1091.405097,Science Fiction
210,1091.405097,Action
210,1091.405097,Adventure
200,491.868548,Adventure
200,705.717432,Action
200,705.717432,Adventure
170,400.062763,Adventure
170,400.062763,Action
170,400.062763,Science Fiction
200,559.852396,Animation
200,559.852396,Adventure
200,219.851172,Adventure
200,219.851172,Action
200,219.851172,Science Fiction
200,1066.969703,Animation
200,371.353001,Action
200,371.353001,Science Fiction
190,1506.24936,Action
200,531.865,Action
200,531.865,Science Fiction
250,747.862775,Action
250,747.862775,Adventure
250,747.862775,Science Fiction
190,467.365246,Action
190,467.365246,Adventure
190,467.365246,Science Fiction
195,197.687603,Action
105,351.040419,Romance
150,335.154643,Adventure
150,335.154643,Action
150,335.154643,Romance
180,407.602906,Action
180,407.602906,Science Fiction
180,407.602906,Adventure
195,1123.746996,Action
195,1123.746996,Science Fiction
195,1123.746996,Adventure
185,786.636033,Adventure
185,786.636033,Action
175,331.926147,Adventure
175,331.926147,Animation
185,538.983207,Animation
185,538.983207,Adventure
185,538.983207,Action
185,343.471816,Action
185,343.471816,Adventure
185,343.471816,Science Fiction
180,521.31186,Animation
140,258.022233,Action
140,258.022233,Crime
200,769.653595,Action
200,769.653595,Adventure
200,769.653595,Science Fiction
200,325.233863,Animation
176.000003,183.987723,Science Fiction
176.000003,183.987723,Action
176.000003,183.987723,Adventure
180,356.743061,Action
180,356.743061,Adventure
180,748.806957,Adventure
178,543.934787,Science Fiction
185,1004.558444,Action
185,1004.558444,Crime
175,735.099082,Animation
175,735.099082,Adventure
175,381.50987,Animation
175,381.50987,Adventure
175,381.50987,Science Fiction
140,585.174222,Action
140,585.174222,Science Fiction
140,585.174222,Adventure
170,185.77016,Adventure
170,222.104681,Action
170,222.104681,Adventure
170,222.104681,Science Fiction
145,401.128639,Adventure
145,401.128639,Action
175,745,Action
175,745,Adventure
175,745,Crime
175,745,Science Fiction
178,370.541256,Action
178,370.541256,Science Fiction
175,264.21822,Adventure
175,264.21822,Action
175,302.469017,Adventure
175,302.469017,Action
175,302.469017,Science Fiction
175,857.611174,Animation
175,966.5506,Adventure
200,623.933331,Adventure
200,623.933331,Action
200,623.933331,Science Fiction
170,396.6,Adventure
180,758.539785,Adventure
180,758.539785,Action
180,758.539785,Romance
170,710.644566,Science Fiction
170,710.644566,Action
175,150.962475,Action
175,150.962475,Adventure
170,714.766572,Action
170,714.766572,Adventure
170,714.766572,Science Fiction
165,752.600867,Adventure
165,752.600867,Animation
190,209.154322,Adventure
190,209.154322,Science Fiction
165,652.105443,Adventure
165,652.105443,Animation
165,652.105443,Action
165,471.222889,Animation
165,471.222889,Adventure
165,305.87573,Adventure
165,305.87573,Animation
165,389.681935,Action
165,389.681935,Adventure
165,389.681935,Science Fiction
165,494.878759,Adventure
165,494.878759,Animation
200,435,Action
200,435,Science Fiction
170,773.328629,Action
170,773.328629,Science Fiction
170,773.328629,Adventure
165,675.120017,Adventure
165,675.120017,Science Fiction
160,825.532764,Action
160,825.532764,Science Fiction
160,825.532764,Adventure
15,77,Action
15,77,Adventure
15,77,Science Fiction
250,1021.103568,Adventure
250,1021.103568,Action
38,207.283925,Action
38,207.283925,Crime
150,333.932083,Romance
160,353.624124,Action
160,353.624124,Science Fiction
160,353.624124,Adventure
160,653.428261,Action
160,653.428261,Adventure
160,653.428261,Science Fiction
150,215.283742,Adventure
150,215.283742,Action
160,181.674817,Adventure
160,181.674817,Action
160,798.958165,Adventure
160,798.958165,Animation
160,433.677183,Action
160,433.677183,Adventure
155,440.603537,Science Fiction
155,440.603537,Action
155,440.603537,Adventure
155,415.686217,Adventure
140,449.220945,Romance
150,709.70978,Adventure
150,709.70978,Science Fiction
150,709.70978,Action
155,167.298192,Action
155,167.298192,Adventure
155,167.298192,Romance
150,938.212738,Adventure
150,895.921036,Adventure
150,624.029371,Action
150,585.34901,Action
150,585.34901,Science Fiction
150,474.968763,Adventure
150,623.722818,Animation
150,374.218673,Action
150,374.218673,Crime
150,603.900354,Animation
150,413.10617,Adventure
150,413.10617,Action
150,373.062864,Adventure
150,373.062864,Action
150,373.062864,Science Fiction
150,424.988211,Adventure
150,424.988211,Action
150,424.988211,Science Fiction
150,1274.219009,Animation
150,1274.219009,Adventure
150,738.599701,Adventure
150,738.599701,Action
150,738.599701,Science Fiction
170,644.571402,Action
170,644.571402,Adventure
150,378.85834,Action
150,378.85834,Adventure
150,378.85834,Science Fiction
150,449.326618,Adventure
150,449.326618,Action
150,309.979994,Animation
150,309.979994,Adventure
150,292.817841,Action
150,292.817841,Adventure
150,301,Adventure
150,682.330139,Action
150,682.330139,Adventure
150,287.594577,Animation
150,287.594577,Adventure
150,665.692281,Animation
150,318.502923,Action
150,318.502923,Adventure
150,397.850012,Adventure
150,397.850012,Action
150,205.366737,Action
150,38.992758,Adventure
150,38.992758,Animation
149,64.459316,Adventure
149,64.459316,Animation
150,128.38832,Adventure
145,272.91243,Animation
145,272.91243,Adventure
175,497.409852,Adventure
145,746.921274,Animation
140,431.971116,Adventure
140,431.971116,Action
144,229.147509,Action
140,553.799566,Action
140,553.799566,Science Fiction
140,553.799566,Adventure
140,441.818803,Action
140,441.818803,Adventure
140,441.818803,Science Fiction
70,195.735876,Adventure
70,195.735876,Action
70,195.735876,Animation
145,521.170825,Action
145,521.170825,Adventure
145,521.170825,Animation
145,694.71338,Action
145,694.71338,Adventure
145,306.94167,Animation
140,456.758981,Action
140,268.031828,Adventure
140,268.031828,Action
150,385.680446,Science Fiction
150,385.680446,Action
150,385.680446,Adventure
139,821.708551,Action
145,609.123048,Action
145,609.123048,Adventure
145,609.123048,Animation
135,76.932943,Action
130,185.258983,Action
130,185.258983,Science Fiction
140,285.444603,Action
140,285.444603,Adventure
140,285.444603,Crime
137,245.36048,Action
137,245.36048,Science Fiction
130,371.876278,Adventure
130,371.876278,Action
130,371.876278,Science Fiction
130,119.269486,Action
130,119.269486,Adventure
137,85.13183,Adventure
137,85.13183,Action
137,85.13183,Animation
137,85.13183,Science Fiction
140,370.569774,Action
140,370.569774,Adventure
140,370.569774,Science Fiction
135,361.8324,Adventure
135,361.8324,Action
150,212.011111,Adventure
120,829,Adventure
120,829,Romance
130,150.406466,Animation
150,163.712074,Science Fiction
150,163.712074,Action
150,163.712074,Adventure
140,183.345589,Adventure
135,532.950503,Adventure
135,282.570682,Animation
135,245.724603,Animation
135,245.724603,Adventure
132,373.552094,Animation
132,373.552094,Adventure
70,442.824138,Action
130,631.74456,Adventure
130,631.74456,Animation
130,519.311965,Science Fiction
130,519.311965,Action
130,519.311965,Adventure
130,847.423452,Adventure
130,847.423452,Action
130,847.423452,Science Fiction
135,368.871007,Animation
135,368.871007,Science Fiction
132,591.739379,Adventure
132,591.739379,Science Fiction
130,273.339556,Adventure
130,273.339556,Action
130,273.339556,Crime
130,554.987477,Action
130,554.987477,Adventure
130,554.987477,Animation
110,293.329073,Action
125,362.637473,Adventure
130,371.940071,Adventure
130,371.940071,Animation
130,789.804554,Adventure
130,243.843127,Science Fiction
130,243.843127,Action
130,243.843127,Adventure
127.5,354.248063,Animation
127,349.424282,Adventure
130,321.887208,Animation
130,321.887208,Action
130,321.887208,Science Fiction
125,976.47555,Adventure
130,61.6485,Action
130,61.6485,Crime
140,655.011224,Adventure
140,655.011224,Action
125,752.100229,Science Fiction
125,752.100229,Adventure
103,500.188435,Animation
103,500.188435,Adventure
110,407.711549,Adventure
110,407.711549,Action
110,407.711549,Science Fiction
125,626.137675,Action
125,626.137675,Crime
125,334.615,Adventure
125,334.615,Action
125,334.615,Crime
125,232.713139,Adventure
125,232.713139,Action
65,261.317921,Action
65,261.317921,Adventure
65,261.317921,Science Fiction
160,61.698899,Adventure
160,61.698899,Action
130,276.572938,Action
125,238.207122,Action
125,238.207122,Crime
125,544.272402,Action
125,544.272402,Adventure
125,544.272402,Science Fiction
125,546.388105,Adventure
125,546.388105,Action
130,289.047763,Adventure
130,289.047763,Action
120,609.016565,Adventure
120,609.016565,Action
110,228.738393,Action
120,415.484914,Action
120,259.175788,Action
120,259.175788,Adventure
130,403.170142,Science Fiction
130,403.170142,Adventure
120,169.956806,Adventure
120,169.956806,Animation
115,286.1407,Science Fiction
115,286.1407,Action
105,115.772733,Action
105,115.772733,Science Fiction
120,242.688965,Action
120,242.688965,Science Fiction
120,93.945766,Action
120,93.945766,Science Fiction
120,48.668907,Romance
117,261.930431,Action
120,286.168572,Action
120,286.168572,Science Fiction
120,286.168572,Adventure
113,850,Science Fiction
113,850,Adventure
113,850,Action
120,649.398328,Adventure
120,649.398328,Action
120,649.398328,Science Fiction
115,562.816256,Animation
120,415.440673,Action
120,415.440673,Science Fiction
120,415.440673,Adventure
115,924.317558,Adventure
115,924.317558,Action
115,924.317558,Science Fiction
135,585.178928,Adventure
135,585.178928,Animation
97.2504,132.9,Adventure
115,77.628265,Action
115,164.602163,Action
115,164.602163,Adventure
125,477.2,Science Fiction
125,477.2,Action
125,477.2,Adventure
105,716.392705,Science Fiction
116,178.12776,Action
116,178.12776,Adventure
135,245.623848,Action
135,245.623848,Adventure
120,167.977596,Action
120,167.977596,Adventure
120,167.977596,Science Fiction
110,574.480841,Action
110,574.480841,Adventure
110,470.490832,Action
110,333.011068,Adventure
110,333.011068,Action
110,215.294342,Action
110,362.74428,Crime
110,478.20752,Action
110,295.238201,Adventure
110,295.238201,Science Fiction
120,227.817248,Action
120,227.817248,Crime
110,337.580051,Action
110,563.749323,Animation
110,563.749323,Adventure
110,103.951461,Animation
110,179.246868,Adventure
110,179.246868,Science Fiction
110,299.268508,Action
110,299.268508,Science Fiction
105,347.434178,Animation
160,164.508066,Action
160,164.508066,Adventure
110,125.537191,Science Fiction
110,125.537191,Action
110,125.537191,Adventure
110,383.531464,Action
93,871.368364,Adventure
93,871.368364,Action
110,72.178895,Action
110,72.178895,Adventure
120,347.234916,Action
120,347.234916,Science Fiction
130,211.643158,Action
130,211.643158,Adventure
133,300.135367,Animation
105,267.045765,Romance
105,267.045765,Animation
108,630.16189,Adventure
108,630.16189,Science Fiction
126,162.949164,Action
126,162.949164,Science Fiction
126,162.949164,Adventure
90,10.372291,Romance
90,237.202299,Action
90,237.202299,Crime
103,457.640427,Action
103,457.640427,Adventure
102,358.372926,Action
102,358.372926,Science Fiction
100,876.688482,Adventure
150,599.04596,Adventure
150,599.04596,Action
100,362.21174,Science Fiction
100,362.21174,Action
100,362.21174,Adventure
100,520,Action
100,520,Science Fiction
80,214.10462,Crime
100,266.465037,Crime
115,378.882411,Action
100,150.166126,Crime
100,310.650585,Romance
100,170.432927,Action
100,170.432927,Crime
100,242.295562,Action
100,100.138851,Animation
100,169.327687,Adventure
100,169.327687,Animation
100,312.573423,Action
100,312.573423,Adventure
100,347.451894,Adventure
100,347.451894,Action
100,249.288105,Action
100,249.288105,Adventure
100,268.426634,Animation
100,268.426634,Adventure
100,278.731369,Action
100,278.731369,Romance
100,211.989043,Action
100,170.877916,Action
100,392.000694,Crime
100,336.529144,Action
100,336.529144,Crime
105,121.214377,Adventure
105,121.214377,Action
105,121.214377,Science Fiction
102,130.482868,Science Fiction
80,140.07339,Animation
80,140.07339,Adventure
100,82.102379,Action
100,82.102379,Crime
100,243.4,Action
100,243.4,Adventure
140,109.578115,Adventure
140,109.578115,Animation
140,109.578115,Science Fiction
100,68.688831,Adventure
100,68.688831,Science Fiction
90,206.172544,Action
90,206.172544,Adventure
105,133.718711,Action
105,133.718711,Crime
100,93.820758,Adventure
100,93.820758,Action
100,7.103973,Action
100,7.103973,Science Fiction
100,94.882889,Action
100,94.882889,Adventure
99,246.233113,Animation
10,13.83513,Crime
98,433.013274,Adventure
98,433.013274,Action
100,193.772504,Crime
85,149.044513,Animation
90,102,Action
90,102,Science Fiction
92,172.989651,Action
90,263.92018,Adventure
90,263.92018,Action
90,263.92018,Science Fiction
100,288.347692,Romance
95,76.432727,Adventure
95,76.432727,Animation
95,877.244782,Animation
95,877.244782,Adventure
95,543.514353,Romance
94,940.335536,Animation
94,1118.888979,Adventure
94,1118.888979,Action
79,926.2874,Adventure
79,926.2874,Action
95,114.178613,Adventure
115,274.70334,Adventure
115,274.70334,Action
100,103.039258,Science Fiction
93,368.780809,Adventure
93,368.780809,Action
93,368.780809,Science Fiction
93,482.860185,Action
93,482.860185,Science Fiction
90,162.839667,Adventure
92,304.654182,Action
92,631.442092,Action
92,631.442092,Adventure
92,631.442092,Animation
98,10.017322,Action
98,10.017322,Adventure
95,226.497209,Adventure
90,589.390539,Action
90,589.390539,Adventure
90,589.390539,Science Fiction
90,497.366869,Animation
100,167.805466,Action
90,347.325802,Action
90,347.325802,Crime
100,242.988466,Animation
90,886.686817,Animation
90,886.686817,Adventure
90,188.133322,Adventure
92,264.105545,Action
92,264.105545,Adventure
92,264.105545,Crime
90,289.847354,Crime
90,304.320254,Animation
90,304.320254,Adventure
92,188.072649,Action
90,232.61743,Crime
90,366.101666,Action
90,524.028679,Action
90,524.028679,Adventure
90,524.028679,Crime
120,186.053725,Animation
120,186.053725,Adventure
120,186.053725,Science Fiction
90,201.596308,Action
88,243.637091,Action
88,243.637091,Science Fiction
100,235.926552,Science Fiction
100,235.926552,Adventure
90,171.120329,Science Fiction
95,190.213455,Action
95,190.213455,Science Fiction
80,162.944923,Crime
90,174.578751,Adventure
95,156.505388,Action
95,156.505388,Adventure
90,334.901337,Action
90,334.901337,Adventure
90,334.901337,Crime
68,118.063304,Action
68,118.063304,Romance
68,118.063304,Science Fiction
68,118.063304,Adventure
92,143.04956,Action
92,143.04956,Crime
90,60.874615,Science Fiction
90,484.63576,Animation
90,484.63576,Adventure
100,93.7,Science Fiction
90,140.807547,Crime
20,79.114085,Adventure
20,79.114085,Action
88,108.539911,Romance
90,16.178959,Action
92,494.471524,Action
92,494.471524,Adventure
90,429.632142,Adventure
100,384.335608,Animation
75,288.500217,Action
85,315.156409,Action
85,450.71715,Crime
75,132.274484,Adventure
75,132.274484,Action
85,358.375603,Animation
85,340.487652,Romance
85,208.076205,Action
75,152.930623,Action
85,194.1687,Romance
90,250.649836,Action
85,219.103655,Romance
85,311.312624,Crime
85,197.309027,Adventure
85,197.309027,Animation
85,288.747895,Adventure
85,288.747895,Action
85,288.747895,Science Fiction
85,80.916492,Adventure
85,80.916492,Action
85,137.298489,Adventure
85,137.298489,Action
85,162.242962,Romance
85,158.468292,Action
85,158.468292,Crime
85,78.382433,Action
85,183.018522,Adventure
85,183.018522,Science Fiction
60,47.664559,Action
60,47.664559,Adventure
60,74.208267,Action
60,74.208267,Adventure
60,74.208267,Science Fiction
84,123.307945,Romance
84,123.307945,Science Fiction
84,275.650703,Adventure
50,41.037742,Action
50,41.037742,Science Fiction
82.5,237.681299,Romance
85,222.231186,Adventure
85,222.231186,Science Fiction
85,160.388063,Adventure
85,160.388063,Science Fiction
65,84.785914,Crime
82,96.085477,Science Fiction
80,274.470394,Adventure
80,274.470394,Action
80,457.696359,Adventure
80,457.696359,Action
75,691.210692,Science Fiction
75,691.210692,Adventure
80,280,Action
80,343.397247,Animation
80,145.771527,Animation
75,140.464664,Action
75,140.464664,Romance
75,342.695435,Animation
80,230.685453,Action
80,266.728738,Romance
80,163.733697,Romance
75,260.696994,Animation
75,260.696994,Science Fiction
80,245.676146,Action
80,245.676146,Crime
80,245.676146,Science Fiction
80,212.874442,Romance
80,181.001478,Crime
80,214.918407,Romance
75,224.012234,Action
75,224.012234,Crime
80,178.066569,Action
80,157.107755,Action
80,157.107755,Science Fiction
80,177.977226,Science Fiction
80,250.2,Animation
80,233.093859,Science Fiction
75,136.982834,Action
68,211.817906,Action
70,164,Action
70,164,Adventure
70,164,Romance
80,201.584141,Animation
80,201.584141,Adventure
80,122.563539,Animation
80,122.563539,Adventure
80,169.852759,Romance
80,136.159423,Adventure
80,136.159423,Science Fiction
80,473.226958,Animation
80,90.87457,Animation
80,123.729176,Science Fiction
80,123.729176,Adventure
80,123.729176,Action
102,147.080413,Action
102,147.080413,Crime
75,142.400065,Action
75,142.400065,Adventure
85,71.485043,Romance
88,105.316267,Adventure
88,105.316267,Action
70,101.371017,Science Fiction
80,122.444772,Action
80,122.444772,Science Fiction
80,159.212469,Action
80,159.212469,Adventure
80,126.546518,Animation
80,126.546518,Adventure
44,21.4,Action
44,21.4,Science Fiction
80,68.514844,Animation
80,53.825515,Romance
80,19.480739,Action
80,19.480739,Adventure
80,19.480739,Science Fiction
80,17.626234,Adventure
90,69.13186,Adventure
90,146.93691,Action
90,146.93691,Adventure
80,33.463969,Action
80,33.463969,Science Fiction
86,107.944236,Adventure
86,107.944236,Animation
80,5.98964,Science Fiction
80,5.98964,Adventure
80,5.98964,Action
130,117.831631,Action
130,117.831631,Adventure
130,117.831631,Romance
60,313.542341,Romance
45,788.241776,Animation
79,355.69276,Adventure
79,355.69276,Action
79,355.69276,Science Fiction
78,248.384621,Animation
78,209.196298,Crime
100,108.10345,Adventure
76,236.350661,Action
76,236.350661,Crime
64,97.57125,Adventure
64,97.57125,Animation
80,15.071514,Science Fiction
76,35.13482,Action
76,35.13482,Adventure
76,35.13482,Animation
75,875.958308,Animation
78,179.265204,Action
78,179.265204,Science Fiction
76,970.761885,Animation
75,816.969268,Action
75,816.969268,Adventure
75,816.969268,Science Fiction
73,229.074524,Adventure
73,229.074524,Action
73,229.074524,Science Fiction
75,532.680671,Animation
76,69.959751,Action
76,69.959751,Science Fiction
75,296.339527,Adventure
75,296.339527,Action
75,296.339527,Science Fiction
75,258.270008,Action
75,258.270008,Crime
75,335.062621,Action
75,335.062621,Adventure
80,660.94078,Animation
80,660.94078,Adventure
75,196.482882,Romance
50,90.450008,Romance
75,117.698894,Crime
75,215.663859,Action
75,215.663859,Adventure
75,367.275019,Animation
75,367.275019,Action
53,95.226116,Crime
70,130.358911,Action
70,85.632458,Action
75,98.159963,Action
75,98.159963,Romance
75,108.145109,Action
75,108.145109,Adventure
75,140.175006,Animation
75,67.631903,Action
75,67.631903,Crime
75,67.631903,Romance
55,127.600435,Action
55,127.600435,Adventure
55,127.600435,Romance
75,226.904017,Action
52,77.944725,Crime
75,36.754634,Animation
75,36.754634,Action
75,36.754634,Science Fiction
75,36.754634,Adventure
75,51.142659,Action
75,51.142659,Adventure
75,14.567883,Action
75,14.567883,Science Fiction
75,5.409517,Adventure
75,5.409517,Animation
75,5.409517,Action
45,21.00918,Action
45,21.00918,Adventure
75,248.118121,Science Fiction
74,1156.730962,Animation
74,1156.730962,Adventure
82,89.792502,Action
73,103.891409,Crime
75,13.1,Science Fiction
73,349.779543,Animation
70,111.231041,Romance
70,111.231041,Adventure
70,86.658558,Action
70,176.104344,Romance
72,210,Action
75,527.068851,Animation
72,37.317558,Romance
94,54.744738,Action
74.5,62.17205,Adventure
72,408.247917,Science Fiction
150,919.838758,Adventure
150,919.838758,Animation
120,461.983149,Animation
120,461.983149,Adventure
70,309.457509,Romance
70,277.448382,Action
70,277.448382,Adventure
74,311.594032,Animation
74,311.594032,Adventure
80,309.492681,Action
70,319.13105,Action
70,300.854823,Adventure
70,240.031094,Action
80,116.643346,Action
80,116.643346,Crime
68,203.388341,Romance
68,203.388341,Science Fiction
70,171.183863,Adventure
70,171.183863,Science Fiction
70,171.183863,Action
75,443.140005,Animation
75,114.660784,Action
70,161.02564,Action
70,118,Science Fiction
70,118,Action
70,118,Adventure
70,202.466756,Action
70,202.466756,Science Fiction
70,122.919055,Adventure
70,154.984035,Action
70,90.000098,Adventure
70,90.000098,Action
70,90.000098,Science Fiction
70,134.748021,Crime
70,215.529201,Action
70,116.672912,Action
70,116.672912,Crime
70,135.560026,Adventure
70,135.560026,Romance
70,131.457682,Adventure
70,65.977295,Action
70,65.977295,Adventure
60,55.987321,Adventure
60,55.987321,Action
70,33.561137,Action
70,33.561137,Adventure
70,160.112671,Action
75,59.418613,Romance
66,57.777106,Action
66,57.777106,Adventure
70,19.924033,Action
70,19.924033,Adventure
75,13.596911,Adventure
75,13.596911,Animation
75,13.596911,Action
70,18.662027,Animation
70,17.75294,Crime
70,57.958696,Action
70,57.958696,Science Fiction
70,57.958696,Adventure
70,38.629478,Crime
50,122.915111,Action
70,61.279452,Action
70,61.279452,Adventure
68,193,Action
68,698.491347,Adventure
68,698.491347,Romance
68,71.069884,Action
68,71.069884,Crime
69,543.513985,Animation
60,35.431113,Action
60,35.431113,Crime
70,39.041505,Adventure
68,29.762011,Adventure
68,29.762011,Action
68,29.762011,Science Fiction
80,52.09909,Action
70,113.280098,Action
69,112.265139,Action
66,212.404396,Romance
66,189.198313,Science Fiction
67,25.303038,Action
67,25.303038,Adventure
66,203.277636,Action
66,203.277636,Crime
70,374.111707,Romance
59,383.257136,Animation
59,383.257136,Adventure
68,75.715436,Science Fiction
63,463.517383,Action
63,463.517383,Science Fiction
61,441.80977,Romance
65,250.821495,Romance
95,250.288523,Action
95,250.288523,Adventure
65,128.884132,Action
65,128.884132,Adventure
70,255.000211,Action
70,255.000211,Adventure
50,150.270147,Action
50,150.270147,Adventure
50.1,153.962963,Romance
50.1,153.962963,Crime
65,156.974557,Action
65,156.974557,Romance
65,128.905366,Science Fiction
65,128.905366,Action
65,128.905366,Adventure
4.2,38.376497,Action
65,240.159255,Action
65,240.159255,Science Fiction
45,73.762516,Action
45,73.762516,Science Fiction
65,89.456761,Crime
65,89.456761,Action
65,64.321501,Science Fiction
65,64.321501,Adventure
65,17.21808,Action
65,17.21808,Adventure
50,42.093706,Crime
43,56.681566,Action
65,39.407616,Crime
64,74.60857,Romance
55,203.427584,Adventure
50,132.180323,Crime
63,296.655431,Crime
63,296.655431,Science Fiction
65,44.091067,Animation
65,44.091067,Action
65,44.091067,Science Fiction
63,920.1,Adventure
63,920.1,Science Fiction
63,25.052,Action
62,215.887717,Action
65,121.545703,Action
65,121.545703,Adventure
64,101.595121,Crime
62,127.666415,Action
62,107.879496,Romance
62,41.819064,Romance
62,18.720175,Action
62,18.720175,Adventure
62,18.720175,Crime
44,155.760117,Crime
63,183.953723,Animation
65,422.610419,Action
65,422.610419,Adventure
80,516.642939,Romance
60,284.6,Crime
150,314.432665,Animation
60,214.034224,Action
58,352.194034,Adventure
58,352.194034,Action
60,149.705852,Crime
70,218.613188,Adventure
70,218.613188,Animation
61,131.940411,Action
61,131.940411,Crime
60,176.070171,Action
60,176.070171,Crime
60,93.354918,Romance
60,171.757863,Adventure
60,171.757863,Animation
70,171.84484,Romance
60,157.920733,Adventure
61,311.256926,Action
58,71.664962,Action
58,71.664962,Adventure
58,71.664962,Crime
60,186.883563,Romance
65,217.764291,Crime
60,165.33318,Action
60,165.33318,Adventure
60,74.541707,Action
60,218.340595,Crime
60,73.648228,Action
60,73.648228,Science Fiction
60,137.551594,Science Fiction
60,124.596398,Animation
60,163.403799,Science Fiction
70,130.293714,Action
70,130.293714,Crime
60,170.26875,Crime
66,99.318987,Action
66,99.318987,Science Fiction
60,107.139399,Animation
60,107.139399,Adventure
60,159.33028,Action
60,159.33028,Adventure
60,159.33028,Crime
60,96.269812,Action
60,96.269812,Adventure
60,96.269812,Science Fiction
60,50.877145,Adventure
60,50.877145,Animation
60,104.324083,Action
60,50.549107,Action
60,205.754447,Action
60,205.754447,Crime
70,162,Science Fiction
70,162,Action
61,95.696996,Action
61,95.696996,Crime
60,108.25577,Animation
60,469.160692,Adventure
60,469.160692,Animation
60,43.061982,Adventure
60,43.061982,Action
60,105.200903,Crime
60,105.200903,Action
60,62.3579,Adventure
60,87.784194,Action
78.146652,60,Romance
78.146652,60,Crime
65,36.850101,Science Fiction
60,77.920346,Action
60,77.920346,Crime
70,104.945765,Science Fiction
70,104.945765,Animation
70,104.945765,Adventure
60,67.312826,Science Fiction
60,67.312826,Action
60,67.312826,Adventure
60,119.940815,Crime
60,119.940815,Romance
80,74.901339,Crime
60,55.003135,Crime
60,73.174566,Action
60,73.174566,Crime
60,71.073932,Action
60,71.073932,Adventure
60,71.073932,Crime
60,78.309131,Action
60,78.309131,Science Fiction
60,26.28832,Animation
60,26.28832,Adventure
60,26.673242,Science Fiction
60,17.8,Action
60,17.8,Adventure
60,17.8,Romance
72,27.642707,Action
90,14.828081,Science Fiction
60,30.800231,Romance
60,90.565421,Action
60,90.565421,Adventure
60,90.565421,Romance
60,50.650079,Science Fiction
60,50.650079,Adventure
60,57.490374,Adventure
60,39.031337,Action
60,39.031337,Crime
60,39.031337,Science Fiction
60,30.41856,Adventure
68.49,193.677158,Action
68.49,193.677158,Adventure
80,10.166502,Action
58,783.112979,Action
58,783.112979,Adventure
58.8,542.307423,Action
58,158.162788,Adventure
58,102.854431,Romance
83,59.468275,Science Fiction
83,59.468275,Romance
63,189.015611,Action
63,189.015611,Adventure
58,41.299492,Romance
60,300.228084,Action
60,300.228084,Adventure
60,300.228084,Science Fiction
58,50.365377,Action
58,50.365377,Adventure
60,61.347797,Action
60,61.347797,Crime
57,149.217355,Action
57,62.112895,Romance
56,113.00688,Action
56,57.22389,Adventure
56,57.22389,Action
55,677.945399,Romance
60,361.366633,Animation
55,330.444045,Romance
55,346.079773,Adventure
55,346.079773,Animation
55,300.218018,Action
55,300.218018,Adventure
55,300.218018,Science Fiction
54,128.769345,Romance
54,128.769345,Science Fiction
70,368.10042,Romance
55,231.449203,Romance
55,95,Action
55,192.330738,Action
55,192.330738,Crime
55,154.906693,Romance
53,157.387195,Action
55,214.015089,Crime
55,214.015089,Romance
55,198.685114,Romance
30,180.949,Action
30,180.949,Crime
30,152.159461,Action
30,152.159461,Crime
55,63.408614,Action
55,63.408614,Adventure
55,56.932305,Adventure
55,56.932305,Action
55,121.969216,Action
55,121.969216,Adventure
55,127.906624,Action
55,127.906624,Adventure
55,110,Animation
50,159.773545,Science Fiction
50,159.773545,Action
55,41.610884,Action
55,41.610884,Crime
55,41.610884,Adventure
50,75,Adventure
55,34.234008,Action
55,34.234008,Crime
60,118.338361,Animation
60,118.338361,Adventure
55,113.020255,Crime
50,60.209334,Action
50,60.209334,Science Fiction
70,154.648887,Romance
55,74.237563,Romance
62,52.304001,Action
62,52.304001,Science Fiction
55,11.466088,Action
55,11.466088,Crime
50,80.38329,Adventure
50,80.38329,Crime
57,28.283637,Action
57,28.283637,Adventure
57,28.283637,Science Fiction
55,89.519773,Romance
2,9.25,Romance
55,6.416302,Action
54,155.010032,Action
55,9.489829,Action
55,9.489829,Crime
54,136.766062,Crime
57,52.034889,Romance
54,130.431368,Romance
54,190.458706,Action
54,190.458706,Adventure
54,190.458706,Science Fiction
46,107.196498,Action
46,107.196498,Adventure
46,107.196498,Crime
53,139.804348,Animation
52.5,179.213434,Romance
75,54.249294,Crime
53,98.837872,Crime
53,126.690726,Crime
67,25.037897,Action
52,352.114312,Crime
52,204.999686,Romance
52,609.841637,Romance
52,216.485654,Romance
50,110.803676,Action
50,110.803676,Adventure
82,47.43443,Romance
52,116.112375,Crime
52,52.826594,Action
52,52.826594,Crime
51,72.779,Animation
50,709.827462,Adventure
50,709.827462,Romance
60,484.409218,Adventure
60,484.409218,Animation
50.2,127.869379,Science Fiction
50.2,127.869379,Romance
48,390.493908,Adventure
50,273.552592,Romance
50,314.178011,Romance
50,171.269535,Romance
50,260.095987,Science Fiction
50,177.371441,Romance
50,188.441614,Crime
50,188.441614,Action
60,223.664608,Romance
50,216.972543,Action
45,184.376254,Crime
90,161.626121,Action
90,161.626121,Crime
50,152.022101,Action
50,152.022101,Adventure
50,152.022101,Science Fiction
50,155.446362,Action
50,155.446362,Adventure
50,155.446362,Science Fiction
50,142.851197,Romance
50,200.804534,Animation
50,189.85956,Action
50,189.85956,Science Fiction
50,222.8096,Action
50,106.303988,Adventure
50,106.303988,Science Fiction
50,106.303988,Action
54,132.511035,Action
50,88.323487,Action
50,88.323487,Adventure
50,69.834815,Adventure
50,69.834815,Animation
50,66.002004,Adventure
50,66.002004,Romance
50,224.803475,Action
50,144.49283,Action
50,144.49283,Science Fiction
50,144.49283,Adventure
50,69.41137,Action
50,97.437106,Romance
50,97.437106,Animation
50,97.437106,Adventure
50,50.06831,Crime
50,48.169156,Action
50,44.547681,Action
50,44.547681,Adventure
50,44.547681,Crime
50,160.602194,Action
50,119.208989,Action
50,119.208989,Crime
45,129.394835,Action
45,129.394835,Science Fiction
50,40.20302,Romance
50,55.495563,Crime
50,49,Action
50,69.425966,Adventure
50,69.425966,Science Fiction
40,144.056873,Adventure
40,144.056873,Romance
50,49.718611,Romance
40,60.462347,Action
40,60.462347,Crime
50,113.309743,Crime
50,56.714147,Crime
50,30.303072,Action
50,30.303072,Adventure
50,30.303072,Crime
50,82.169884,Crime
50,58.900031,Romance
44,63.327201,Action
44,63.327201,Adventure
44,63.327201,Romance
44,63.327201,Science Fiction
50,42.792561,Action
50,42.792561,Crime
50,26.199517,Crime
50,60.161391,Crime
50,42.277365,Action
50,42.277365,Adventure
50,42.277365,Science Fiction
70,23.159305,Adventure
70,23.159305,Animation
70,23.159305,Science Fiction
50,34.808403,Adventure
50,25.03595,Action
50,38.955598,Crime
50,71.561644,Action
50,71.561644,Crime
51.5,55.112356,Crime
50,44.434439,Action
50,44.434439,Adventure
50,44.434439,Crime
60,66.976317,Adventure
60,66.976317,Action
50,10.541523,Action
50,16.671505,Action
50,16.671505,Adventure
50,10.382407,Romance
50,22.944502,Action
50,22.944502,Crime
50,9.85161,Action
50,9.85161,Romance
50,40.82854,Action
50,40.82854,Science Fiction
60,60.052138,Romance
50,6.80855,Crime
50,28.931401,Action
50,28.931401,Crime
50,12.764201,Action
50,12.764201,Adventure
50,12.764201,Science Fiction
49,72.7,Action
49,72.7,Science Fiction
49,20.423389,Action
49,20.423389,Crime
48,207.515725,Crime
48,474.171806,Adventure
48,474.171806,Action
49,104.399548,Crime
49,104.399548,Action
49,104.399548,Science Fiction
73,151.493655,Crime
48,196.397415,Crime
75,108,Action
75,108,Adventure
50,3.32433,Crime
48,85.498534,Adventure
48,50.31514,Science Fiction
48,90.383208,Romance
58,25.928721,Crime
58,25.928721,Romance
48,325.771424,Action
48,77.745568,Romance
48,77.745568,Crime
47,103.738726,Adventure
47,103.738726,Action
47,103.738726,Crime
48,124.305181,Crime
48,124.305181,Romance
48,35.743308,Romance
15,125.212904,Action
15,125.212904,Adventure
47,38.085778,Animation
47,38.085778,Science Fiction
47,12.379402,Romance
38,299.288605,Romance
46,113.71483,Crime
46,150,Science Fiction
46,150,Action
46,150,Adventure
47,10.539,Action
25,15.436808,Crime
45,376.141306,Action
45,376.141306,Crime
45,212,Crime
45,212,Action
45,101.70206,Action
45,101.70206,Science Fiction
45,101.70206,Adventure
40,95.149435,Romance
45,195.268056,Crime
45,117.615211,Crime
45,178.051587,Action
45,178.051587,Crime
43,154.749918,Romance
46,122.126687,Crime
45,104.876233,Action
45,104.876233,Crime
45,90.683916,Science Fiction
45,131.18353,Action
45,94.935764,Action
45,94.935764,Adventure
45,94.935764,Crime
45,136.885767,Adventure
40,244.931766,Romance
120,363.258859,Adventure
120,363.258859,Animation
45,170.362582,Action
45,53.854588,Romance
45,56.070433,Romance
50,104.478416,Adventure
50,104.478416,Science Fiction
45,148.412065,Action
45,148.412065,Science Fiction
45,38.399961,Adventure
45,82.966152,Crime
25,56.422687,Action
25,56.422687,Adventure
25,56.422687,Crime
40,160.583018,Adventure
40,160.583018,Action
50,55.181129,Adventure
50,55.181129,Animation
40,30.92569,Action
40,30.92569,Science Fiction
40,30.92569,Adventure
35,75.225693,Romance
55,65.664721,Action
55,65.664721,Adventure
55,65.664721,Crime
70,72.108608,Action
70,72.108608,Adventure
70,72.108608,Science Fiction
45,57.881056,Adventure
45,57.881056,Science Fiction
35,29.4,Crime
45,17.300889,Adventure
45,17.300889,Action
45,11.203026,Adventure
45,11.203026,Action
45,11.203026,Science Fiction
45,42.48739,Action
45,42.48739,Crime
40,8.49389,Action
45,4.607608,Romance
45,2.15454,Action
45,160.078586,Crime
45,160.078586,Adventure
45,160.078586,Action
65,0.073706,Animation
65,0.073706,Action
44,368.87576,Adventure
44,368.87576,Action
44,368.87576,Crime
40,136,Action
44,165.615285,Crime
44,300.400432,Action
44,300.400432,Adventure
2.6,84.3,Animation
44,3.484331,Action
50,111.340801,Action
50,111.340801,Science Fiction
40,34.227298,Science Fiction
45,50.871113,Action
45,50.871113,Crime
43,68.69677,Romance
40,51.070807,Action
40,51.070807,Crime
42,201.585328,Action
42,201.585328,Crime
42,363.889678,Romance
45,224.834564,Animation
42,171.963386,Romance
40,70.1,Romance
43,158.67418,Action
43,158.67418,Crime
31.115,71,Romance
42,63.78181,Crime
32,156.167015,Adventure
32,156.167015,Action
60,56.35998,Action
60,56.35998,Crime
48,20.915465,Adventure
42,24.127895,Crime
31,177.394432,Adventure
31,177.394432,Action
40,36.893721,Action
40,36.893721,Crime
44,12.342632,Action
42,11.087569,Adventure
42,11.087569,Action
33,14,Action
33,14,Crime
65,117.487473,Adventure
65,117.487473,Romance
65,117.487473,Action
42,46.221189,Action
42,46.221189,Crime
40,251.171807,Crime
40,317.375031,Romance
70,177.841558,Crime
40,332,Adventure
40,332,Science Fiction
40,126.546825,Action
40,126.546825,Science Fiction
40,571.006128,Romance
38,197.011982,Action
38,197.011982,Adventure
38,197.011982,Science Fiction
40,152.266007,Crime
40,149.295601,Action
40,177.259441,Romance
40,244.527583,Adventure
40,244.527583,Science Fiction
40,215.862692,Romance
40,129.540499,Romance
40,128.798265,Crime
40,120.455994,Adventure
40,124.827316,Action
40,75.505856,Action
40,75.505856,Adventure
40,75.505856,Romance
40,158.73382,Action
40,158.73382,Crime
40,151.161491,Action
40,151.161491,Crime
40,141.06986,Romance
40,138.259062,Crime
57,147.845033,Action
57,147.845033,Crime
57,147.845033,Romance
40,196.781193,Romance
40,91.753202,Action
50,170.12846,Romance
40,54.682547,Adventure
40,54.682547,Science Fiction
40,54.682547,Action
40,87.840042,Action
40,87.840042,Adventure
40,87.840042,Science Fiction
35,75.395048,Action
35,75.395048,Adventure
40,85.412898,Crime
30,130.786397,Action
40,74.597643,Animation
40,74.597643,Adventure
40,74.597643,Science Fiction
40,120.17529,Action
40,120.17529,Adventure
40,191.185897,Action
40,191.185897,Adventure
40,126.248813,Action
40,126.248813,Science Fiction
40,126.248813,Adventure
40,114.830111,Romance
40,84.601681,Romance
40,45.916769,Crime
40,41.797066,Action
40,41.797066,Science Fiction
40,145.896422,Romance
40,97.55205,Adventure
40,97.55205,Science Fiction
40,96.618699,Crime
40,55.707411,Romance
30,50.451307,Romance
25,48.063435,Adventure
25,48.063435,Action
25,48.063435,Science Fiction
40,58.78518,Romance
40,30.199105,Crime
40,30.199105,Action
40,30.199105,Adventure
40,31.67062,Romance
40,49.627779,Science Fiction
40,27.053815,Action
40,27.053815,Adventure
40,65.754228,Romance
0.5,3,Crime
40,60.965854,Action
40,60.965854,Crime
40,38.1725,Animation
40,38.1725,Romance
40,22.433915,Crime
40,46.546197,Action
63.6,19.412993,Action
63.6,19.412993,Crime
55,14.375181,Action
55,14.375181,Adventure
40,46.471023,Adventure
40,46.471023,Animation
40,16.872671,Romance
40,14.358033,Science Fiction
10,173.921954,Romance
40,24.719215,Adventure
40,24.719215,Romance
40,28.169671,Adventure
40,28.169671,Action
40,19.322135,Action
45,10.667893,Action
45,10.667893,Science Fiction
33,20.645327,Action
33,20.645327,Science Fiction
40,10.959475,Action
40,10.959475,Adventure
50,32.017803,Science Fiction
40,13.644292,Action
40,13.644292,Crime
40,23.93787,Adventure
40,23.93787,Action
20,7.563728,Action
20,7.563728,Crime
39.2,86.758912,Action
39.2,86.758912,Science Fiction
15,94,Action
40,100,Action
40,100,Adventure
39,101.229792,Romance
39,35.287788,Animation
39,38.869464,Science Fiction
39,38.869464,Action
39,38.869464,Adventure
39,6.61428,Romance
39,75.850624,Action
39,75.850624,Adventure
39,75.850624,Science Fiction
80.341,127.814609,Adventure
80.341,127.814609,Action
30,180.622424,Romance
38,205.298907,Romance
38,119.723358,Action
38,119.723358,Adventure
38,120,Science Fiction
38,120,Action
38,120,Adventure
3.86,64.076736,Action
38,114.15623,Romance
38,107.597242,Action
53,29.7,Romance
38,10.3,Action
15,19.62976,Science Fiction
38,98.337295,Science Fiction
38,98.337295,Action
37,6.482195,Action
37,6.482195,Adventure
55,17.869048,Adventure
38,5.410749,Adventure
38,5.410749,Action
38,5.410749,Romance
38,109.906372,Adventure
38,109.906372,Science Fiction
37,154.026136,Crime
40,79.7,Romance
37,100.076342,Adventure
38,90.247624,Action
30,55.583804,Action
30,55.583804,Crime
38,112.343513,Romance
37,392.616625,Adventure
37,392.616625,Romance
36,102.24477,Crime
65,117.7585,Action
65,117.7585,Crime
37,269.994119,Crime
36.5,21.834845,Action
36.5,21.834845,Science Fiction
36,50.159144,Action
36,160,Adventure
36,160,Action
36,64.572262,Science Fiction
36,64.572262,Adventure
36,44.350926,Action
37,26.25002,Romance
36,12.532777,Science Fiction
36,12.532777,Romance
37,63.800345,Animation
36,156.844753,Action
33,310.940086,Adventure
33,310.940086,Crime
33,310.940086,Science Fiction
35,411.348924,Action
35,321.731527,Adventure
35,321.731527,Action
35,321.731527,Crime
35,147.93418,Action
35,147.93418,Adventure
35,117,Crime
38,252.276927,Adventure
35,326.551094,Romance
35,139,Science Fiction
35,139,Adventure
35,173.96501,Crime
35,182.3,Crime
35,69.823199,Crime
35,68.915888,Romance
27,231.976425,Romance
35,126.21694,Crime
35,86.369815,Adventure
35,113.374103,Science Fiction
35,113.374103,Action
33,104.155843,Science Fiction
34,95.608995,Adventure
34,95.608995,Animation
35,150.483765,Romance
35,91.353501,Action
35,91.353501,Adventure
35,91.353501,Science Fiction
30,58.405313,Romance
35,41.954997,Crime
33,102.984862,Action
33,102.984862,Science Fiction
35,85.416905,Action
40,173.930596,Action
40,173.930596,Science Fiction
35,77.477008,Romance
35,59.901913,Romance
35,99.423521,Action
35,99.423521,Adventure
27,115.505027,Romance
35,84.60603,Crime
35,57.120318,Science Fiction
35,57.120318,Action
35,40.26302,Romance
35,27.10796,Science Fiction
35,36.098382,Romance
45,30.353232,Action
45,30.353232,Crime
35,25.105255,Crime
8.9,4.1,Crime
8.9,4.1,Action
30,68.369434,Science Fiction
35,82.087155,Action
35,19.478106,Animation
35,19.478106,Adventure
35,25.871834,Action
35,25.871834,Science Fiction
56,19.701164,Crime
35,31.083599,Crime
35,31.083599,Action
35,51.680201,Action
35,51.680201,Crime
35,29.882645,Adventure
35,29.882645,Romance
35,46.216641,Action
35,46.216641,Crime
31,41.512007,Romance
27,16.51946,Action
27,16.51946,Adventure
35,63.215872,Action
35,63.215872,Adventure
35,13.678913,Action
35,27.409889,Romance
40,12.206028,Action
40,12.206028,Crime
35,17.508518,Action
35,17.508518,Crime
35,11.560806,Romance
20.5,10.089373,Action
20.5,10.089373,Crime
35,61.181942,Adventure
35,42.064105,Romance
35,16.83891,Crime
35,16.83891,Romance
35,15,Adventure
35,15,Romance
38,0.635096,Romance
35,10.496317,Action
35,10.496317,Crime
34,348.319861,Action
34,348.319861,Science Fiction
34,32.25544,Romance
35,15.30489,Adventure
35,15.30489,Science Fiction
35,15.30489,Romance
70,11.263966,Action
35,2.106557,Action
35,2.106557,Crime
41.677699,187.479518,Animation
34,63.013281,Romance
75,19.598588,Science Fiction
50,79.958599,Action
50,79.958599,Crime
30,173.959438,Crime
30,64.626786,Action
30,64.626786,Science Fiction
33,140.470746,Romance
33,62.022014,Action
33,62.022014,Crime
33,54.700105,Action
33,54.700105,Crime
30,40.346186,Action
30,40.346186,Crime
32.35,572.7,Adventure
32.35,572.7,Action
32.35,572.7,Science Fiction
30,22.211426,Action
30,22.211426,Science Fiction
32,113.01929,Romance
32,152.036382,Romance
32,152.036382,Science Fiction
32.5,288.383523,Romance
32,126.041322,Action
32,69.055695,Action
32,69.055695,Crime
32,83.615414,Crime
32,83.615414,Action
32,147.332697,Science Fiction
32,36.733909,Action
32,36.733909,Adventure
33,9.494789,Adventure
35,31.755742,Action
32,60.740827,Crime
32,85.167639,Action
32,85.167639,Crime
32,18.55246,Action
28,30.016165,Action
28,30.016165,Romance
32,18.409891,Action
32,18.409891,Science Fiction
32,18.409891,Crime
70,53.587404,Action
70,53.587404,Science Fiction
32,3.566637,Animation
32,5.914908,Crime
32,5.914908,Romance
32,42.045846,Romance
31.5,14.708696,Action
34,210.308099,Action
34,210.308099,Adventure
34,210.308099,Science Fiction
31,68.106245,Crime
31,68.106245,Science Fiction
30.25,115.101622,Crime
45,306.776732,Action
45,306.776732,Crime
30,287.553595,Romance
30,373.554033,Animation
30,350.448145,Action
30,350.448145,Adventure
30,350.448145,Crime
30,196.11457,Romance
30,199.2,Action
30,199.2,Adventure
30,212.385533,Crime
30,212.385533,Adventure
37,165.335153,Romance
33,327.311859,Crime
30,210.819611,Science Fiction
30,140.161792,Animation
25,156.82202,Crime
80,176.885658,Crime
29,115.603229,Romance
30,160.259319,Romance
35,155.545279,Romance
3.00E-05,0.000103,Adventure
3.00E-05,0.000103,Animation
30,74.787599,Romance
30,160.638883,Adventure
30,160.638883,Romance
25,163.67,Romance
35,116.980662,Romance
30,47.042,Action
30,47.042,Science Fiction
30,114.281051,Romance
30,105.173115,Romance
45,92.374674,Action
45,92.374674,Crime
19,69.631118,Action
19,69.631118,Adventure
37,96.455697,Romance
30,151.119219,Romance
53,83.282296,Crime
80,118.880016,Romance
30,70.2,Science Fiction
30,70.2,Action
30,70.2,Adventure
30,51.132598,Crime
30,152.42796,Adventure
30,152.42796,Action
30,192.452832,Adventure
30,192.452832,Animation
30,156.835339,Romance
30,129.266061,Romance
30,45.892212,Action
30,45.892212,Crime
40,117.195061,Romance
40,117.195061,Animation
30,84.025816,Action
30,84.025816,Crime
30,91.709827,Action
25,65.663276,Romance
30,159.291809,Romance
25,51.842679,Adventure
30,53.653224,Romance
30,38.413606,Adventure
30,38.413606,Crime
27,38.122105,Action
27,38.122105,Science Fiction
30,63.782078,Action
30,63.782078,Adventure
30,51.376861,Action
30,51.376861,Science Fiction
30,36.160375,Romance
30,41.480851,Action
30,41.480851,Adventure
30,41.480851,Crime
30,48.428063,Action
30,48.428063,Adventure
30,48.428063,Animation
30,48.428063,Science Fiction
30,63.372757,Crime
30,14.46,Animation
30,24.048,Action
30,24.048,Crime
30,24.048,Science Fiction
30,108.60931,Action
35,22.034832,Romance
30,51.148651,Romance
30,51.148651,Crime
30,31.070211,Science Fiction
30,31.070211,Action
30,19.204929,Action
30,19.204929,Crime
25,17.193231,Action
30,102.820008,Romance
30,16.930884,Crime
40,26.155781,Crime
37,37.962774,Science Fiction
30,31.148328,Crime
30,15.007991,Action
30,15.007991,Adventure
30,15.368897,Romance
30,13.001257,Romance
30,30.536013,Romance
25,30.114487,Science Fiction
23,1.20E-05,Romance
30,13.521829,Animation
30,64.352607,Adventure
30,62.616646,Crime
30,18.19561,Action
30,18.19561,Crime
30,35.078241,Romance
21,0.480314,Adventure
21,0.480314,Action
30,14.711793,Action
30,0.108348,Adventure
30,0.108348,Action
30,2.527904,Action
30,2.527904,Crime
19,140.752617,Adventure
19,140.752617,Animation
28,186.438883,Romance
30,33.013805,Crime
30,33.013805,Romance
29,16.930185,Romance
28,504.050219,Animation
28,504.050219,Adventure
28,504.050219,Romance
28,333,Adventure
28,333,Action
30,100.491683,Animation
60,105.178561,Crime
60,105.178561,Action
29,98.185582,Action
28,140.767956,Action
28,102.356381,Action
30,17.137302,Animation
30,17.137302,Science Fiction
28,195.312802,Adventure
28,195.312802,Action
28,77.516304,Romance
27,101.646581,Science Fiction
27,101.646581,Action
27,101.646581,Crime
28,97.59414,Romance
28,96.188903,Action
28,96.188903,Crime
28,40.54744,Action
28,40.54744,Adventure
28,121.147947,Romance
28,33.139618,Science Fiction
28,31.596911,Adventure
28,52.597999,Action
28,52.597999,Crime
21,54.926886,Crime
28,38.159905,Romance
28,45.236543,Action
28,8.345056,Adventure
28,14.010832,Action
28,14.010832,Science Fiction
28,16.374328,Romance
27,17.286299,Romance
28,60.7,Action
28,60.7,Adventure
28,60.7,Crime
24,23.321954,Action
28,68.896829,Action
28,68.896829,Crime
27.5,187.5,Adventure
27.5,187.5,Action
30,219.076518,Romance
8,27.187653,Adventure
15,49.469904,Romance
27,96.9,Science Fiction
27,96.9,Action
27,96.9,Adventure
27,60.527873,Crime
27,115.22989,Action
27,115.22989,Crime
27,44.352417,Adventure
27,129,Romance
27,56.870414,Action
27,56.870414,Science Fiction
27,56.308881,Crime
27,20.158808,Adventure
27,27.200316,Science Fiction
25,11.137801,Adventure
27,76,Crime
27,76,Action
27,13,Crime
27,85.56431,Action
2.80E-05,1.40E-05,Action
2.80E-05,1.40E-05,Crime
27,21.148829,Crime
26,183.293131,Action
26,183.293131,Adventure
26,109.449237,Romance
25,289.317794,Romance
28,53.1816,Crime
27,101.624843,Action
26,65.705772,Romance
26,61.489265,Science Fiction
26,71.868327,Action
26,71.868327,Adventure
25,86.175291,Crime
25,86.175291,Action
26,38.793283,Adventure
26,38.793283,Science Fiction
56,142.044638,Romance
42,35.40232,Romance
26,29.657751,Crime
26,36.8,Action
26,36.8,Science Fiction
25.53,20.08002,Adventure
26,30.523226,Science Fiction
25,226.830568,Action
26,35.926213,Romance
25,411.00674,Action
25,411.00674,Romance
25,80.936232,Action
25,80.936232,Adventure
25,80.936232,Animation
25,80.936232,Science Fiction
25,170.764026,Action
25,170.764026,Science Fiction
25,78,Science Fiction
25,78,Adventure
25,78,Action
25,76.270454,Crime
25,171.6,Crime
25,153.997819,Action
25,281.929795,Romance
25,152.500343,Romance
25,147.78044,Romance
25,56.505065,Action
25,56.505065,Adventure
25,91.03676,Action
25,91.03676,Crime
25,99.357138,Romance
60,137.587063,Adventure
25,77.278331,Action
25,46.836394,Crime
28,58.795814,Action
25,65.884703,Action
25,65.884703,Crime
25,63.1,Action
25,63.1,Crime
25,41.604473,Action
25,64.437847,Action
25,64.437847,Crime
25,70.44294,Romance
25,36.35135,Romance
25,66.980456,Science Fiction
25,59.192128,Romance
25,56.489558,Action
25,56.489558,Crime
20,33.889159,Romance
20,70.992898,Adventure
20,70.992898,Action
20,70.992898,Science Fiction
25.5,2.415472,Crime
25.485,29.548291,Action
25.485,29.548291,Adventure
25,100,Adventure
25,28.341469,Crime
21.15,39.438674,Adventure
25,39.17113,Crime
25,22.2,Romance
25,114.977104,Romance
25,23.58,Action
25,23.58,Adventure
25,23.58,Crime
25,40.452643,Action
25,40.452643,Crime
25,17,Romance
30,33.333531,Science Fiction
25,51.702483,Action
25,51.702483,Adventure
25,42.972994,Crime
25,15.4788,Crime
25,11,Action
25,11,Adventure
25,23.057115,Action
25,10.07,Romance
32,27.635305,Adventure
25,5.778353,Action
25,5.778353,Adventure
25,5.778353,Science Fiction
25,4.064495,Action
25,4.064495,Science Fiction
25,19.844979,Science Fiction
25,2.40542,Action
25,2.40542,Adventure
25,2.336172,Romance
13.5,19.255873,Romance
13.5,19.255873,Crime
25,10.589102,Crime
25,6.5,Animation
25,71.009334,Crime
25,3.052,Action
14,34.67072,Romance
25,8.784318,Adventure
24,133,Science Fiction
24,133,Adventure
25,1.397284,Action
24,70.181428,Romance
41.3,106.371651,Crime
8.2,80.035402,Romance
24,36.609995,Romance
17,16.980098,Romance
24,16.290976,Science Fiction
24,21.049053,Adventure
24,12.37241,Action
24,30.551495,Romance
24,4.562146,Animation
28,0.669276,Adventure
28,0.669276,Animation
28,0.669276,Science Fiction
24,23.081726,Crime
24,23.081726,Action
24,234.710455,Animation
24,234.710455,Adventure
18,538.4,Adventure
18,538.4,Action
18,538.4,Science Fiction
19,141.407024,Action
19,141.407024,Crime
23,86.930411,Crime
23,53.187659,Science Fiction
23,53.187659,Action
23,47.351251,Romance
23,47.351251,Science Fiction
25,0.006399,Adventure
23,18.653615,Romance
23,33.372606,Action
23,51.881013,Adventure
23,7.434726,Action
23,29.54179,Crime
23,9.366227,Romance
23,16.123851,Romance
23,5.837674,Action
22.7,38.119483,Science Fiction
22,505,Romance
23,369.884651,Romance
24,182.016617,Romance
22,84.772742,Action
22,110.627965,Crime
22,110.627965,Action
22,95.708457,Action
22,35.424826,Crime
22,19.351569,Crime
22,19.351569,Romance
22,43.058898,Action
22,10.69621,Action
22,10.69621,Adventure
22,10.69621,Crime
22,10.69621,Science Fiction
25,72.62967,Action
25,72.62967,Crime
22,17.709155,Romance
2,14.4,Action
2,14.4,Romance
22,12,Action
22,12,Adventure
22,15.4,Crime
25,92.991835,Crime
22,24,Animation
22,24,Adventure
22,24,Romance
17,73.244881,Romance
18,70.687344,Science Fiction
18,70.687344,Action
18,70.687344,Adventure
21,42,Action
21,42,Adventure
21,42,Science Fiction
32,40.222729,Romance
21,205.738714,Romance
21,41.170784,Crime
21,43.928932,Action
21,43.928932,Crime
20,41.627431,Action
21,17.762705,Science Fiction
17,14.899417,Romance
21,10.01105,Romance
15,2.856712,Action
15,2.856712,Science Fiction
18,389.925971,Adventure
18,389.925971,Action
18,358.991681,Adventure
18,358.991681,Crime
20,303.788635,Science Fiction
20,299.965036,Action
20,299.965036,Crime
19,272.742922,Crime
20,117.224271,Action
20,149.281606,Adventure
32,97.918663,Adventure
32,97.918663,Romance
18,122.19592,Action
20,57.588485,Romance
20,60.072596,Romance
20,53,Romance
20,207.945075,Romance
1.8,41.158757,Action
1.8,41.158757,Crime
20,109.862682,Adventure
20,109.862682,Animation
20,135.68,Animation
20,135.68,Adventure
30,45.554533,Animation
20,43.967255,Adventure
20,86.865564,Action
20,86.865564,Adventure
20,27.640028,Crime
20,37.67235,Romance
20,41.237648,Romance
20,35.841901,Adventure
20,35.841901,Science Fiction
20,35.841901,Action
20,65.464324,Crime
32,50.907422,Adventure
32,50.907422,Animation
32,50.907422,Action
20,31.678778,Action
20,46.069568,Action
20,67.2,Crime
30,47.126295,Romance
20,64.822796,Crime
20,72.258126,Science Fiction
20,72.258126,Romance
20,32.005248,Romance
20,65.569869,Action
20,65.569869,Crime
20,46.089287,Action
20,46.089287,Science Fiction
20,51.416464,Action
20,51.416464,Science Fiction
20,49.779728,Romance
20,17.425,Adventure
20,17.425,Romance
20,39.3,Animation
20,37.597471,Action
20,37.597471,Adventure
20,37.597471,Science Fiction
20,83.70731,Adventure
20,83.70731,Crime
20,20.211394,Crime
20,36.620508,Romance
20,34.07792,Romance
20,18.432,Adventure
20,18.432,Romance
15,56.255142,Adventure
20,17.807569,Romance
19,25.836616,Action
19,25.836616,Crime
20,100.914445,Action
20,100.914445,Crime
20,60.427839,Crime
20,16.605763,Action
20,17.432163,Romance
19.5,34.85499,Crime
25,14.109284,Action
20,22.942221,Action
20,22.942221,Crime
20,13.801755,Crime
20,13.801755,Action
20,30.426096,Romance
20,32.20403,Action
20,32.20403,Science Fiction
20,34.560577,Action
20,34.560577,Crime
30,27.674124,Action
30,27.674124,Romance
20,12.398628,Action
20,12.398628,Adventure
20,17.280326,Action
20,17.280326,Adventure
20,12.639297,Action
20,16.974459,Action
20,16.974459,Crime
20,10.337477,Action
20,10.337477,Crime
8,20,Romance
20,11.110975,Romance
20,11.110975,Crime
12,15.008161,Action
12,15.008161,Crime
8.7,7.659918,Animation
8.7,7.659918,Science Fiction
20,10.442808,Action
20,12.00707,Crime
20,16.863583,Action
20,5.530764,Adventure
20,5.530764,Romance
26.5,159.375308,Adventure
26.5,159.375308,Animation
2,5.048693,Action
2,5.048693,Adventure
2,5.048693,Crime
20,5.359645,Action
20,5.359645,Science Fiction
10,3.727746,Romance
20,0.30507,Adventure
20,4.634062,Action
20,4.634062,Science Fiction
27.22,5.496951,Crime
22,424.208848,Adventure
19,110.879513,Crime
14,173.046663,Crime
19,381.109762,Adventure
19,381.109762,Science Fiction
19,49.830607,Romance
19.1,5.728213,Action
19.1,5.728213,Crime
20,54.95614,Action
15,274.925095,Adventure
15,274.925095,Animation
25,8.613462,Action
19,18.755936,Adventure
19,18.755936,Romance
19,29.922472,Romance
19,6.928068,Romance
19,32.801173,Crime
18.5,10.680275,Adventure
18.5,31.912793,Romance
23,351.583407,Romance
23,351.583407,Crime
18,151.668774,Romance
18,87,Science Fiction
18,87,Action
18,87,Adventure
19,144.216468,Crime
16,19.682924,Action
16,19.682924,Science Fiction
23,76.488889,Crime
16.5,67.683989,Science Fiction
16.5,67.683989,Crime
18,88.923251,Romance
18,98.235548,Science Fiction
18,98.235548,Action
18,98.235548,Adventure
18,41.382841,Romance
15,76.286096,Crime
15,76.286096,Action
18,62.646763,Romance
18,47.08899,Action
18,100,Adventure
18,100,Action
18,36.133014,Romance
18,35.69292,Adventure
18,16.702864,Action
18,16.702864,Adventure
18,2.9456,Action
18,2.9456,Adventure
18,2.9456,Romance
18,10.501938,Action
18,10.501938,Crime
18,25.312387,Romance
17,6.735922,Romance
18,25.739015,Action
18,25.739015,Crime
25,20.719451,Romance
18,6.212282,Adventure
18,6.212282,Science Fiction
2.7,3.5,Romance
2.7,3.5,Science Fiction
2.7,3.5,Action
2.7,3.5,Crime
18,0.871279,Crime
3.5,34,Science Fiction
18,1.831348,Action
18,1.831348,Animation
18,1.831348,Science Fiction
17.9,6.948633,Adventure
17.9,6.948633,Action
23,150.8167,Romance
15,51.053787,Animation
24,99.965753,Action
24,99.965753,Crime
18,266.5868,Action
18.5,183.316455,Action
18.5,183.316455,Science Fiction
17,72.070731,Romance
16,109.502303,Romance
17,57.103895,Action
17,57.103895,Crime
20,136.150434,Crime
17,43.165571,Romance
17,115.350426,Romance
34,19.693891,Romance
17,29.536299,Crime
17,10,Action
17,20.455276,Romance
17,19.3,Action
17,19.3,Adventure
17,19.3,Science Fiction
17,9.5,Action
17,9.5,Crime
40,86.915017,Romance
17,2,Adventure
17,1.569918,Crime
17,3.758328,Romance
17,0.374743,Action
17,0.374743,Adventure
17,0.374743,Science Fiction
17,8.72,Action
17,8.72,Adventure
17,8.72,Science Fiction
16.8,2.281089,Romance
15,43.848069,Crime
16.5,135,Romance
16.5,37.311672,Romance
16,92.823546,Romance
16,119.754278,Adventure
15,133.432856,Romance
16,68.263166,Romance
16,29.381649,Crime
16,29.381649,Romance
17.7,30.987695,Adventure
17.7,30.987695,Romance
15,30.102717,Action
15,30.102717,Crime
12,80.573774,Crime
12,80.573774,Action
16,50.007546,Romance
15,96.408652,Romance
16,20.627372,Romance
16,15.427192,Crime
20,13.854,Science Fiction
16,18.564088,Science Fiction
16,5.9,Adventure
16,5.9,Action
16,1.686429,Science Fiction
16,1.686429,Action
16,1.686429,Adventure
16,5.867686,Romance
20,24.261569,Crime
16,14.822346,Romance
15.5,1.237615,Crime
15,316.360478,Action
15,316.360478,Crime
21,177.2,Romance
15,356.830601,Action
15,356.830601,Romance
17,213.525736,Adventure
17,213.525736,Action
17,213.525736,Romance
15,0.317,Romance
16,11.301649,Action
16,11.301649,Adventure
15,61.399552,Adventure
15,61.399552,Romance
15,40.283321,Science Fiction
15,44.862187,Action
15,44.862187,Crime
7,48.126384,Crime
15,35.00718,Crime
15,123.726688,Romance
15,33.771174,Romance
15,69.995385,Adventure
15,32.721635,Crime
15,47.175038,Romance
16,30.857814,Adventure
16,30.857814,Romance
15,78.054825,Action
15,78.054825,Crime
15,46.905889,Romance
15,64.23844,Science Fiction
20,27.728118,Action
20,27.728118,Romance
15,85.306374,Crime
15,85.306374,Romance
11.5,23.237911,Romance
20,22.165608,Action
20,22.165608,Adventure
15,20.566327,Action
15,20.529194,Romance
15,17.507368,Science Fiction
15,35.485608,Crime
15,32.556119,Crime
15,32.556119,Action
15,17.080167,Action
15,37.930465,Crime
25,15.843608,Action
25,15.843608,Science Fiction
15,59.389433,Romance
15,12,Crime
15,15.608545,Action
15,10.443316,Romance
15,14.867514,Romance
15,46.189568,Crime
15,9.23747,Action
15,9.23747,Crime
15,9.902115,Romance
15,34.533783,Crime
15,35.097815,Romance
15,12.036149,Adventure
15,12.036149,Crime
15,15.785148,Action
15,15.785148,Crime
15,9.455232,Romance
15,9.455232,Science Fiction
15,5.92641,Crime
15,7.938872,Crime
92.62,0.650422,Science Fiction
12,9.584131,Action
12,9.584131,Science Fiction
8,0.529766,Crime
15,0.632542,Action
8.5,8.936663,Adventure
8.5,8.936663,Action
12,6.814789,Adventure
12,6.814789,Action
15,0.076382,Action
15,3.533227,Crime
15,0.023,Action
15,0.02038,Romance
20,27.187375,Animation
20,27.187375,Adventure
14.6,70.906973,Romance
14.5,147.298761,Romance
15,377.910544,Romance
14,320.145693,Romance
14,463,Romance
14,185.438673,Adventure
14,185.438673,Action
14,34.79316,Action
14,34.79316,Adventure
14,27.515786,Romance
14,25.482931,Action
14,25.482931,Adventure
14,19.8,Romance
14,22.852638,Adventure
11,13.196245,Romance
11,16.951798,Science Fiction
14,10.42447,Romance
26,14.821658,Romance
14,2.474,Romance
14,1.755212,Romance
14,178.043761,Romance
13.5,29.027914,Romance
15,19.422261,Crime
13.3,5.380251,Science Fiction
13.4,16.7,Action
13,47.542841,Crime
13,91.038276,Romance
13,44.726644,Crime
13,44.726644,Action
13,44.726644,Adventure
12.5,49.002684,Romance
16,53.478166,Romance
13,96.060858,Science Fiction
12,36.450736,Science Fiction
13,27.007143,Action
13,27.007143,Adventure
13.2,53.830415,Crime
18,57.09619,Science Fiction
15,36.869414,Science Fiction
13,45.3,Adventure
13,45.3,Science Fiction
13,16.929123,Romance
19,68.673228,Action
19,68.673228,Adventure
13,11.130889,Adventure
13,11.130889,Science Fiction
13,8.026971,Romance
13,7.820688,Crime
13,4.857367,Romance
13,18,Romance
13,9.7899,Crime
13,2.636637,Action
13,2.636637,Crime
13,33.4,Romance
3,1.2,Action
14.350531,3.964682,Action
14.350531,3.964682,Science Fiction
10,0.303877,Romance
13,68.572378,Crime
13,10.652035,Romance
12,55.260558,Adventure
12.5,23.367586,Romance
12.5,12.281551,Action
12.5,12.281551,Crime
12.5,12.281551,Romance
12.5,10.725228,Crime
12,11.293663,Romance
12.8,40.031879,Crime
12.5,1.227324,Crime
15,5.024782,Romance
20,31.327899,Action
12.5,1.083683,Crime
12.3,84.460846,Animation
12.3,84.460846,Adventure
7,470.654,Adventure
11,235.483004,Romance
12.516654,8.10916,Animation
25,79.817939,Action
25,79.817939,Adventure
12,96.070507,Romance
12,96.8,Action
12,96.8,Adventure
12,96.8,Science Fiction
12,79.567667,Science Fiction
12,68.706993,Crime
12,68.706993,Romance
12,81.272766,Action
12,114.194847,Romance
12,114.194847,Crime
12,39.673162,Crime
12,39.673162,Romance
12,43.493123,Adventure
15,145,Science Fiction
12,30.4,Romance
5,42.365581,Science Fiction
5,42.365581,Adventure
12,61.14103,Action
12,61.14103,Adventure
12,61.14103,Romance
12,100,Crime
12,40.855419,Science Fiction
12,56.298474,Romance
12,307.166834,Romance
12,22.921898,Crime
12,54,Science Fiction
12,23.006849,Romance
12,85.5123,Romance
12,17.654912,Adventure
12,17.292381,Science Fiction
12,42.931041,Action
12,42.931041,Crime
12,12.90279,Romance
14,85,Action
14,85,Adventure
12,32.248241,Science Fiction
8,6.739141,Action
8,6.739141,Science Fiction
12,4.922166,Romance
12,3.148182,Romance
11,88.489643,Science Fiction
12,19.271312,Science Fiction
12,19.271312,Romance
12,1.644755,Romance
12,15.25,Crime
19,2.57,Animation
19,2.57,Action
19,2.57,Adventure
12,11.212294,Science Fiction
10,83.557872,Crime
11,775.398007,Adventure
11,775.398007,Action
11,775.398007,Science Fiction
11,111.858363,Romance
11,72.778712,Action
11,41.227069,Romance
10.5,75.902208,Romance
11,38.105395,Adventure
11,23.978402,Action
11,23.978402,Crime
12,37.170057,Crime
1.10E-05,1.10E-05,Action
12,4.884663,Science Fiction
11,62.076141,Romance
11,20,Romance
11,59.520298,Romance
11,23.430766,Romance
11,13.110448,Crime
14,6.413915,Romance
11,30,Romance
11,2.832826,Romance
11,2.807854,Adventure
11,2.807854,Romance
10.8,113.857533,Crime
7.4,17,Romance
14,18.535191,Romance
10.5,68.7,Science Fiction
10.5,68.7,Adventure
10.5,792.910554,Science Fiction
10.5,792.910554,Adventure
10,17.5,Romance
10,163.876815,Crime
10,85.3,Action
10,118.58788,Action
10,103.166989,Romance
10,139.352633,Crime
6,57.231524,Romance
10,50.1,Action
10,40.485039,Adventure
10,40.485039,Science Fiction
10,44.46085,Science Fiction
10,44.46085,Animation
12.305523,36.230219,Action
12.305523,36.230219,Adventure
12.305523,36.230219,Science Fiction
10,57.5,Action
10,57.5,Adventure
10,25.754284,Action
10,25.754284,Adventure
10,32.101,Science Fiction
9,32.973937,Romance
10,30.65289,Adventure
10,29.450919,Science Fiction
15,30.050028,Action
10,29.392418,Action
10,29.392418,Crime
12,38.368909,Romance
10,25.605015,Romance
10,33.697647,Crime
65,143.695338,Adventure
10,20.766616,Science Fiction
10,42.333295,Science Fiction
10,66.821036,Science Fiction
10,16.153593,Romance
11,48.572,Action
25,15.1562,Action
25,15.1562,Crime
10,20.342161,Action
10,20.342161,Adventure
10,20.342161,Crime
10,17.297244,Action
10,17.297244,Crime
10,12.827813,Crime
30,9.898412,Crime
10,8.80194,Crime
10,6.11,Action
10,6.11,Adventure
10,9.636289,Romance
10,9.636289,Science Fiction
18,9.495408,Romance
10,33,Romance
10,2.154696,Romance
10,7.177143,Adventure
11.5,3.275585,Action
11.5,3.275585,Crime
10,3.193102,Action
10,3.193102,Crime
10,5.164404,Romance
14,0.439564,Adventure
10,1.631839,Action
10,1.631839,Romance
20,1.969193,Crime
10,3.665069,Crime
10,21.786738,Romance
10,0.598645,Romance
5,1.296184,Action
5,1.296184,Adventure
10,0.29575,Romance
1.00E-05,1.10E-05,Romance
9.6,4.386236,Romance
9.5,111.584787,Action
9.5,111.584787,Adventure
8.9,19.839492,Romance
9.4,60,Action
9.4,60,Adventure
9.4,60,Crime
12.899867,85.582407,Romance
7.4,21.817298,Science Fiction
11,104.931801,Action
11,104.931801,Science Fiction
9,83.30433,Romance
5.5,141.195658,Adventure
5.5,141.195658,Action
7,8.220215,Romance
9,41.590886,Action
9,41.590886,Crime
9,23.936908,Adventure
26,28.780255,Crime
8.5,19.125401,Action
8.5,19.125401,Crime
9,1.046166,Romance
5,328.203506,Adventure
86,14.373825,Crime
7,39.462438,Romance
9.25,29.174648,Romance
9,2.5,Science Fiction
8.5,43.528634,Romance
22,5.271666,Romance
8.5,4.440055,Romance
12,42.34536,Romance
9,6.10872,Action
9,6.10872,Adventure
8,1.997807,Adventure
7.7,46,Romance
8.25,30,Romance
8,213.928762,Crime
8.5,38.697217,Crime
8.2,286.214286,Romance
8,69.821334,Romance
8,52.287414,Crime
5,82.719885,Science Fiction
8,43,Crime
8,27.362712,Romance
8,26.049082,Romance
6.5,81.974493,Adventure
6.5,81.974493,Action
8,22.593409,Romance
8,17.46002,Crime
7,34.266564,Crime
8,16.856124,Romance
8,12.6713,Action
8,12.6713,Crime
8,10.629321,Action
8,10.629321,Crime
8,5.659286,Animation
8,5.659286,Romance
8,2.275557,Action
8,0.589304,Romance
8,63.464861,Romance
8,0.852872,Romance
8,0.458232,Action
8,0.426224,Romance
8,3.453043,Action
8,0.143451,Action
8,0.143451,Crime
8,0.553171,Science Fiction
8,0.553171,Animation
22,0.413454,Action
22,0.413454,Crime
7.8,22.441323,Crime
7.5,32.392047,Crime
7.5,32.392047,Action
7.5,26.096852,Romance
10.284523,11.588205,Romance
6.5,12.633747,Action
6.5,12.633747,Crime
7.5,3.347647,Romance
7.3,10.329747,Crime
7.3,10.329747,Action
7.5,231.411584,Romance
7.2,116.019547,Adventure
7.2,116.019547,Action
6,245.066411,Crime
4,92.921203,Romance
7.5,60.722734,Romance
7,116.7,Romance
7,161.777836,Adventure
7,161.777836,Action
7,49.08483,Crime
7,25.405445,Action
7,25.405445,Crime
9,25,Adventure
9,25,Action
9,25,Romance
9,25,Science Fiction
7,97.572,Adventure
7,97.572,Action
7,20.256975,Action
7,20.256975,Adventure
7,20.256975,Crime
7,14.702438,Romance
0.7,17.986781,Crime
7,14.011454,Action
7,14.011454,Crime
7,14.618727,Romance
7,7.292175,Romance
7.00E-06,5.00E-06,Action
7.00E-06,5.00E-06,Science Fiction
7.00E-06,5.00E-06,Crime
7,4.720371,Action
7,4.720371,Adventure
7,29.38532,Romance
7,2.062066,Crime
7,0.573335,Romance
7,1.310673,Science Fiction
7,0.046488,Crime
6,0.030471,Action
6,0.030471,Crime
7,12.4,Animation
7,8.9,Adventure
7,8.9,Science Fiction
7.00E-06,7.00E-06,Romance
6.5,57.504069,Crime
6.5,28.451622,Crime
6.5,13.368437,Romance
6.5,12.376563,Science Fiction
6.5,11.850214,Crime
6.5,1.548955,Romance
6.4,78.3712,Action
6.4,78.3712,Science Fiction
4.8,79.38488,Romance
6,2.122561,Romance
6,181.81377,Romance
6,138.530565,Action
6,102.308889,Crime
6,43.656822,Crime
6,25.05964,Romance
6,23.341568,Crime
5,38.275483,Romance
6,44.703995,Romance
6,50.2447,Science Fiction
6,50.2447,Action
12.716953,18.81472,Crime
12.716953,18.81472,Action
6,58,Romance
6,12,Crime
5,9.20647,Crime
6,6.85245,Romance
6,19.560274,Action
6,19.560274,Crime
6,10.409377,Romance
6,3.283371,Action
6,2.025238,Crime
6.244087,0.638641,Adventure
6,0.869325,Action
6,0.869325,Adventure
6,0.869325,Science Fiction
12,0.066351,Crime
5.952,2.120439,Science Fiction
5.3,3.897799,Romance
5.8,6.8,Action
6,27.165581,Action
6,27.165581,Crime
3.500159,76.578641,Romance
5.8,7,Action
5.8,7,Adventure
5.5,159.616327,Crime
5.5,4.865,Science Fiction
4.361898,3.031801,Romance
5,2.466444,Crime
15,108.286421,Science Fiction
8,60.378584,Crime
5,28.2,Adventure
5,28.2,Science Fiction
3.5,20.659423,Action
3.5,20.659423,Romance
5,24.804129,Action
5,19.905359,Action
5,19.905359,Crime
5,368.744044,Romance
5,31.724284,Crime
5,33.616692,Romance
5,13.269963,Romance
5,12.232628,Action
5,12.232628,Crime
5,12.232628,Romance
5,25.562924,Science Fiction
5,54.418872,Action
5,12.2,Romance
20,21.164799,Romance
4.00E-06,2.50E-05,Romance
8,3.432342,Crime
5,7.23,Action
5,7.23,Adventure
5,5.47606,Action
5,9.760104,Science Fiction
5,2.614773,Romance
5,1.980338,Crime
5,2.450846,Crime
5,0.742898,Crime
5,3.220371,Crime
5,0.846704,Science Fiction
7,0.560069,Crime
4.8,10.337387,Crime
4.5,146.198896,Crime
4.5,58.853106,Romance
4.5,58.853106,Adventure
6,254.700832,Romance
4.5,10.4,Adventure
15,13.060843,Crime
4.5,7.011317,Crime
4.5,7.011317,Romance
4.5,7.390108,Crime
4.5,32,Action
3.7305,6.294161,Action
3.7305,6.294161,Crime
4.2,32,Action
3.705538,62.548947,Romance
3.705538,62.548947,Crime
4,38.251425,Romance
4,36,Action
4,36,Romance
4,44.909486,Romance
3.6,49.8,Romance
4,13.008928,Action
4,13.008928,Science Fiction
4,11.744471,Adventure
7,10.229331,Action
6,9,Action
6,9,Romance
4,8.2,Action
4,8.2,Romance
4,6,Action
4,4.630045,Crime
4,4.3,Crime
4,9.304609,Romance
4,2.426851,Crime
4,2.426851,Romance
4,1.104682,Action
3,0.302204,Crime
3,0.302204,Romance
1.3,0.354704,Crime
9.5,0.12,Crime
0.65,0.033245,Action
0.65,0.033245,Science Fiction
4,25.345,Adventure
4,25.345,Action
4,25.345,Crime
3.95,8,Action
4,400.176459,Romance
3.768785,8,Action
3.768785,8,Romance
0.967686,4.27,Crime
3.5,0.044462,Action
3.5,0.044462,Crime
3.7,2.956,Romance
3.5,27.9,Action
3.5,27.9,Crime
3.716946,5,Action
3.5,13.007551,Crime
3.5,12,Action
3.5,12,Crime
3.5,12.6,Crime
3.5,9.482579,Romance
2,33.965843,Crime
2,33.965843,Romance
3.3,30.64177,Crime
2,7.00E-06,Romance
3.2,5.332926,Romance
2.5,124.881062,Adventure
2.5,124.881062,Action
4,16.49108,Crime
3,20.966644,Romance
3,89.328627,Science Fiction
3,17.570324,Romance
3,18.999718,Adventure
3,18.999718,Science Fiction
16,68.411275,Adventure
16,68.411275,Animation
16,68.411275,Action
3,15.369573,Science Fiction
2,7.9,Crime
3,25,Romance
3,11.176469,Romance
3,7.282851,Action
3,7.282851,Science Fiction
3,4.109095,Romance
3,9.879971,Crime
3,14.980005,Action
3,0.748453,Action
3,11.947954,Romance
3,0.022,Science Fiction
2.5,3.2,Action
2.5,3.2,Crime
2.883848,25,Romance
2.777,33.754967,Adventure
2.8,86.273333,Science Fiction
2,5.364858,Action
2,5.364858,Science Fiction
2.7,37.799643,Adventure
2.686,6.6,Adventure
2.686,6.6,Romance
2.627,5.363,Romance
2.6,0.553198,Science Fiction
2.5408,7.2,Romance
2.5,14.4,Science Fiction
2.5,12.348905,Action
2.5,12.348905,Science Fiction
2.5,10,Action
2.5,26.781723,Romance
2.5,5.535405,Romance
2.5,3.325038,Science Fiction
2.5,3.325038,Crime
2.5,6.854611,Romance
2.5,0.107559,Science Fiction
2.5,0.324138,Action
30,0.495303,Adventure
30,0.495303,Science Fiction
2.38,8.176544,Crime
2.3,11,Romance
2.28,83.32,Animation
2.1,23.65,Romance
2.1,0.00333,Crime
2,78.898765,Action
2,78.898765,Adventure
2,18.344729,Romance
2,18.344729,Science Fiction
2,13.129846,Crime
2,24.600832,Adventure
2,24.600832,Action
2,24.600832,Science Fiction
2,11.540607,Crime
2,9.172,Adventure
2,9.172,Romance
8,1.477676,Adventure
8,1.477676,Animation
2.7,15.992615,Romance
2,4.601043,Crime
2,7.8,Romance
2,4,Romance
6,11.12209,Romance
2,5.967038,Crime
2,5.967038,Action
2,2.801508,Crime
2,2.506446,Romance
2,5.179037,Romance
2,11.125849,Animation
2,1.477002,Romance
2,0.390659,Action
2,0.124494,Action
2,0.124494,Adventure
2,0.124494,Science Fiction
7,1.1,Animation
2,0.054207,Science Fiction
2,0.054207,Romance
1.7,8.844595,Action
1.7,8.844595,Science Fiction
1.53,7.267585,Action
0.5,0.150277,Romance
1.7,9.7,Action
1.7,9.7,Science Fiction
2,0.572809,Crime
1.7,1.943649,Crime
1,4.235151,Romance
1.644736,7.433101,Romance
1.65,30.5,Romance
1.6,4.42,Crime
1.5,11.806119,Action
1.5,7.412216,Crime
1.5,2.375097,Romance
1.5,2.375097,Crime
1.5,2.3,Crime
1.5,2.3,Science Fiction
1.5,3.566225,Romance
1.5,0.418961,Action
1.5,0.418961,Crime
1.5,0.032,Science Fiction
1.488423,184.925486,Animation
1.35,3.897569,Crime
1.25,3.412497,Science Fiction
1.25,8.5,Crime
1.2,103.911669,Crime
3,18.492362,Crime
1.2,14.661007,Crime
1.2,2.736,Action
1.2,2.736,Adventure
2.6,2.850263,Action
2.6,2.850263,Adventure
1.1,4.105187,Action
1.1,4.105187,Crime
0.878,10.4625,Romance
1,37.6,Adventure
1,37.6,Romance
1.3,28.262574,Crime
0.95,59.6,Adventure
0.95,59.6,Action
1,10.03739,Adventure
1,10.03739,Action
1,10.03739,Science Fiction
3.5,16.56624,Romance
1,9,Action
1,9,Romance
1,7.8,Action
5,6.833445,Action
5,6.833445,Adventure
1,9.138338,Romance
1,2.057193,Romance
1,1.744858,Romance
1,0.852206,Crime
1,0.623791,Romance
1,0.010018,Crime
1,0.010018,Romance
1,0.007202,Science Fiction
0.95,0.814666,Romance
0.95,0.814666,Science Fiction
0.91,9.6,Crime
0.858,267.44715,Animation
0.85,0.819939,Romance
0.8,1.001437,Romance
0.8,2.816116,Romance
0.75,4.007792,Romance
0.75,4.007792,Science Fiction
0.5,0.17176,Crime
0.609,3.202,Romance
0.5,17,Science Fiction
0.5,0.603943,Crime
2,0.271841,Action
0.5,4.242978,Science Fiction
0.45,0.973525,Romance
0.439,2.281,Romance
0.4,5.028948,Adventure
35,170,Romance
0.86,2.451545,Romance
0.379,4.358,Romance
0.325,4.5,Romance
0.3,8,Action
0.3,8,Science Fiction
0.25,12.021272,Romance
0.25,4.186931,Romance
0.25,0.501818,Science Fiction
0.00025,0.000203,Animation
0.25,3.542353,Romance
0.245,22,Romance
0.23,2.260712,Action
0.23,2.260712,Crime
0.21,5,Adventure
0.21,5,Science Fiction
0.4,100,Adventure
0.4,100,Action
0.4,100,Science Fiction
0.2,4.505922,Romance
0.008,0.469947,Romance
0.1,1.776935,Science Fiction
0.15,15.2,Action
0.15,15.2,Romance
0.15,2.891288,Romance
0.16,20.710513,Romance
0.01,7,Science Fiction
0.065,0.416498,Romance
4,0.600896,Science Fiction
0.031192,0.01,Action
0.012,6,Crime
0.02,0.099,Crime
0.007,0.42476,Science Fiction
0.22,2.04092,Action
0.22,2.04092,Crime