title,release_year,Director
John Mulaney: New in Town,2012,Ryan Polito
Bert Kreischer: The Machine,2016,Ryan Polito
Jim Jefferies: Freedumb,2016,Ryan Polito
Iliza Shlesinger: Freezing Hot,2015,Ryan Polito
Seth Rogen's Hilarity for Charity,2018,Ryan Polito
Tracy Morgan: Staying Alive,2017,Ryan Polito
Nate Bargatze: The Tennessee Kid,2019,Ryan Polito
Deon Cole: Cole Hearted,2019,Ryan Polito
Bill Burr Presents: Friends Who Kill,2022,Ryan Polito
Amy Schumer Presents: Parental Advisory,2022,Ryan Polito
David Spade: Nothing Personal,2022,Ryan Polito
Jane Fonda & Lily Tomlin: Ladies Night Live,2022,Ryan Polito
Jeff Foxworthy: The Good Old Days,2022,Ryan Polito
Christina P: Mom Genes,2022,Ryan Polito
Jim Gaffigan: Mr. Universe,2012,Jay Karas
Bill Burr: I'm Sorry You Feel That Way,2014,Jay Karas
Ali Wong: Baby Cobra,2016,Jay Karas
Demetri Martin: Live (At The Time),2015,Jay Karas
Anjelah Johnson: Not Fancy,2015,Jay Karas
Tom Segura: Mostly Stories,2016,Jay Karas
Jeff Foxworthy & Larry the Cable Guy: We've Been Thinking,2016,Jay Karas
Demetri Martin: The Overthinker,2018,Jay Karas
Bill Burr: Walk Your Way Out,2017,Jay Karas
Ali Wong: Hard Knock Wife,2018,Jay Karas
Tom Segura: Disgraceful,2018,Jay Karas
Christina P: Mother Inferior,2017,Jay Karas
Adam Devine: Best Time of Our Lives,2019,Jay Karas
Moshe Kasher: Live in Oakland,2012,Jay Chapman
Tom Segura: Completely Normal,2014,Jay Chapman
Jim Gaffigan: Obsessed,2014,Jay Chapman
D.L. Hughley: Clear,2014,Jay Chapman
Todd Glass Talks About Stuff,2013,Jay Chapman
Colin Quinn: Unconstitutional,2015,Jay Chapman
Craig Ferguson: Tickle Fight,2017,Jay Chapman
Lucas Brothers: On Drugs,2017,Jay Chapman
Brad Paisley's Comedy Rodeo,2017,Jay Chapman
Todd Barry: Spicy Honey,2017,Jay Chapman
D.L. Hughley: Contrarian,2018,Jay Chapman
Mo Amer: Mohammed in Texas,2021,Jay Chapman
"Dana Carvey: Straight White Male, 60",2016,Marcus Raboy
Steve Martin and Martin Short: An Evening You Will Forget for the Rest of Your Life,2018,Marcus Raboy
Cristela Alonzo: Lower Classy,2017,Marcus Raboy
Ryan Hamilton: Happy Face,2017,Marcus Raboy
Judd Apatow: The Return,2017,Marcus Raboy
DeRay Davis: How to Act Black,2017,Marcus Raboy
Marlon Wayans: Woke-ish,2018,Marcus Raboy
Lynne Koplitz: Hormonal Beast,2017,Marcus Raboy
Vir Das: Abroad Understanding,2017,Marcus Raboy
Vir Das: Losing It,2018,Marcus Raboy
Anthony Jeselnik: Fire in the Maternity Ward,2019,Marcus Raboy
Taylor Tomlinson: Quarter-Life Crisis,2020,Marcus Raboy
Whitney Cummings: Can I Touch It?,2019,Marcus Raboy
Miranda Sings Live... Your Welcome,2019,Marcus Raboy
Ricardo O'Farrill: Abrazo Genial,2016,Raúl Campos
Sofía Niño de Rivera: Exposed,2016,Raúl Campos
Ricardo O'Farrill: abrazo navideño,2016,Raúl Campos
Carlos Ballarta: el amor es de putos,2016,Raúl Campos
Sofía Niño de Rivera: Natural Selection,2018,Raúl Campos
Malena Pichot: Estupidez compleja,2018,Raúl Campos
"El Especial de Alex Fernández, el Especial",2017,Raúl Campos
Todo lo que sería Lucas Lauriente,2018,Raúl Campos
Coco y Raulito: Carrusel de ternura,2018,Raúl Campos
Alejandro Riaño: Especial de stand up,2018,Raúl Campos
Daniel Sosa: Sosafado,2017,Raúl Campos
Natalia Valdebenito: El especial,2018,Raúl Campos
Mau Nieto: viviendo sobrio… desde el bar,2018,Raúl Campos
Alexis de Anda: Mea Culpa,2017,Raúl Campos
Carlos Ballarta: furia ñera,2018,Raúl Campos
Jani Dueñas: Grandes fracasos de ayer y hoy,2018,Raúl Campos
Fernando Sanjiao: Hombre,2018,Raúl Campos
Simplemente Manu NNa,2017,Raúl Campos
Sebastián Marcelo Wainraich,2018,Raúl Campos
Carlos Ballarta: False Prophet,2021,Raúl Campos
Ricardo O'Farrill: Abrazo Genial,2016,Jan Suter
Sofía Niño de Rivera: Exposed,2016,Jan Suter
Ricardo O'Farrill: abrazo navideño,2016,Jan Suter
Carlos Ballarta: el amor es de putos,2016,Jan Suter
Sofía Niño de Rivera: Natural Selection,2018,Jan Suter
Malena Pichot: Estupidez compleja,2018,Jan Suter
"El Especial de Alex Fernández, el Especial",2017,Jan Suter
Todo lo que sería Lucas Lauriente,2018,Jan Suter
Coco y Raulito: Carrusel de ternura,2018,Jan Suter
Alejandro Riaño: Especial de stand up,2018,Jan Suter
Daniel Sosa: Sosafado,2017,Jan Suter
Natalia Valdebenito: El especial,2018,Jan Suter
Mau Nieto: viviendo sobrio… desde el bar,2018,Jan Suter
Alexis de Anda: Mea Culpa,2017,Jan Suter
Carlos Ballarta: furia ñera,2018,Jan Suter
Jani Dueñas: Grandes fracasos de ayer y hoy,2018,Jan Suter
Fernando Sanjiao: Hombre,2018,Jan Suter
Simplemente Manu NNa,2017,Jan Suter
Sebastián Marcelo Wainraich,2018,Jan Suter
