title,imdb_score,Director
John Mulaney: New in Town,8.2,Ryan Polito
Bert Kreischer: The Machine,7.6,Ryan Polito
Jim Jefferies: Freedumb,7.7,Ryan Polito
Iliza Shlesinger: Freezing Hot,6.8,Ryan Polito
Seth Rogen's Hilarity for Charity,5.0,Ryan Polito
Tracy Morgan: Staying Alive,6.3,Ryan Polito
Nate Bargatze: The Tennessee Kid,7.6,Ryan Polito
Deon Cole: Cole Hearted,6.9,Ryan Polito
Bill Burr Presents: Friends Who Kill,4.5,Ryan Polito
Amy Schumer Presents: Parental Advisory,3.8,Ryan Polito
David Spade: Nothing Personal,5.8,Ryan Polito
Jane Fonda & Lily Tomlin: Ladies Night Live,5.5,Ryan Polito
Jeff Foxworthy: The Good Old Days,6.1,Ryan Polito
Christina P: Mom Genes,5.8,Ryan Polito
Jim Gaffigan: Mr. Universe,7.7,Jay Karas
Bill Burr: I'm Sorry You Feel That Way,8.3,Jay Karas
Ali Wong: Baby Cobra,7.5,Jay Karas
Demetri Martin: Live (At The Time),7.4,Jay Karas
Anjelah Johnson: Not Fancy,5.7,Jay Karas
Tom Segura: Mostly Stories,7.5,Jay Karas
Jeff Foxworthy & Larry the Cable Guy: We've Been Thinking,5.9,Jay Karas
Demetri Martin: The Overthinker,7.2,Jay Karas
Bill Burr: Walk Your Way Out,7.2,Jay Karas
Ali Wong: Hard Knock Wife,7.3,Jay Karas
Tom Segura: Disgraceful,7.5,Jay Karas
Christina P: Mother Inferior,6.4,Jay Karas
Adam Devine: Best Time of Our Lives,5.9,Jay Karas
Moshe Kasher: Live in Oakland,6.7,Jay Chapman
Tom Segura: Completely Normal,7.7,Jay Chapman
Jim Gaffigan: Obsessed,7.6,Jay Chapman
D.L. Hughley: Clear,6.8,Jay Chapman
Todd Glass Talks About Stuff,6.2,Jay Chapman
Colin Quinn: Unconstitutional,7.1,Jay Chapman
Craig Ferguson: Tickle Fight,6.6,Jay Chapman
Lucas Brothers: On Drugs,5.7,Jay Chapman
Brad Paisley's Comedy Rodeo,5.7,Jay Chapman
Todd Barry: Spicy Honey,6.8,Jay Chapman
D.L. Hughley: Contrarian,6.5,Jay Chapman
Mo Amer: Mohammed in Texas,6.5,Jay Chapman
"Dana Carvey: Straight White Male, 60",6.5,Marcus Raboy
Steve Martin and Martin Short: An Evening You Will Forget for the Rest of Your Life,7.1,Marcus Raboy
Cristela Alonzo: Lower Classy,6.4,Marcus Raboy
Ryan Hamilton: Happy Face,7.3,Marcus Raboy
Judd Apatow: The Return,6.2,Marcus Raboy
DeRay Davis: How to Act Black,6.1,Marcus Raboy
Marlon Wayans: Woke-ish,6.5,Marcus Raboy
Lynne Koplitz: Hormonal Beast,6.3,Marcus Raboy
Vir Das: Abroad Understanding,6.9,Marcus Raboy
Vir Das: Losing It,7.0,Marcus Raboy
Anthony Jeselnik: Fire in the Maternity Ward,7.2,Marcus Raboy
Taylor Tomlinson: Quarter-Life Crisis,7.4,Marcus Raboy
Whitney Cummings: Can I Touch It?,6.5,Marcus Raboy
Miranda Sings Live... Your Welcome,5.4,Marcus Raboy
Ricardo O'Farrill: Abrazo Genial,5.5,Raúl Campos
Sofía Niño de Rivera: Exposed,7.3,Raúl Campos
Ricardo O'Farrill: abrazo navideño,5.7,Raúl Campos
Carlos Ballarta: el amor es de putos,7.0,Raúl Campos
Sofía Niño de Rivera: Natural Selection,6.9,Raúl Campos
Malena Pichot: Estupidez compleja,5.7,Raúl Campos
"El Especial de Alex Fernández, el Especial",6.7,Raúl Campos
Todo lo que sería Lucas Lauriente,6.7,Raúl Campos
Coco y Raulito: Carrusel de ternura,6.6,Raúl Campos
Alejandro Riaño: Especial de stand up,4.9,Raúl Campos
Daniel Sosa: Sosafado,5.4,Raúl Campos
Natalia Valdebenito: El especial,5.0,Raúl Campos
Mau Nieto: viviendo sobrio… desde el bar,6.7,Raúl Campos
Alexis de Anda: Mea Culpa,4.9,Raúl Campos
Carlos Ballarta: furia ñera,7.2,Raúl Campos
Jani Dueñas: Grandes fracasos de ayer y hoy,4.8,Raúl Campos
Fernando Sanjiao: Hombre,6.3,Raúl Campos
Simplemente Manu NNa,5.4,Raúl Campos
Sebastián Marcelo Wainraich,6.4,Raúl Campos
Carlos Ballarta: False Prophet,6.7,Raúl Campos
Ricardo O'Farrill: Abrazo Genial,5.5,Jan Suter
Sofía Niño de Rivera: Exposed,7.3,Jan Suter
Ricardo O'Farrill: abrazo navideño,5.7,Jan Suter
Carlos Ballarta: el amor es de putos,7.0,Jan Suter
Sofía Niño de Rivera: Natural Selection,6.9,Jan Suter
Malena Pichot: Estupidez compleja,5.7,Jan Suter
"El Especial de Alex Fernández, el Especial",6.7,Jan Suter
Todo lo que sería Lucas Lauriente,6.7,Jan Suter
Coco y Raulito: Carrusel de ternura,6.6,Jan Suter
Alejandro Riaño: Especial de stand up,4.9,Jan Suter
Daniel Sosa: Sosafado,5.4,Jan Suter
Natalia Valdebenito: El especial,5.0,Jan Suter
Mau Nieto: viviendo sobrio… desde el bar,6.7,Jan Suter
Alexis de Anda: Mea Culpa,4.9,Jan Suter
Carlos Ballarta: furia ñera,7.2,Jan Suter
Jani Dueñas: Grandes fracasos de ayer y hoy,4.8,Jan Suter
Fernando Sanjiao: Hombre,6.3,Jan Suter
Simplemente Manu NNa,5.4,Jan Suter
Sebastián Marcelo Wainraich,6.4,Jan Suter
Life of Brian,8.0,All Comedies
Richard Pryor: Live in Concert,8.1,All Comedies
When Harry Met Sally...,7.7,All Comedies
Steel Magnolias,7.3,All Comedies
National Lampoon's Christmas Vacation,7.5,All Comedies
Eddie Murphy Raw,7.6,All Comedies
Sam Kinison: Breaking the Rules,7.2,All Comedies
Waiting for the Hearse,8.0,All Comedies
Tim Allen: Men Are Pigs,6.1,All Comedies
Monty Python Live at the Hollywood Bowl,7.9,All Comedies
Parrot Sketch Not Included: Twenty Years of Monty Python,8.1,All Comedies
Bill Hicks: Sane Man,,All Comedies
Dumb and Dumber,7.3,All Comedies
You've Got Mail,6.7,All Comedies
Vegas Vacation,5.9,All Comedies
The Replacements,6.6,All Comedies
3 Ninjas Kick Back,4.5,All Comedies
The Players Club,5.9,All Comedies
Jerry Seinfeld: I'm Telling You for the Last Time,7.9,All Comedies
Herod's Law,7.8,All Comedies
Sam Kinison: Live in Vegas,6.6,All Comedies
Bill Hicks: Revelations,8.5,All Comedies
Sam Kinison: Family Entertainment Hour,,All Comedies
Sinbad: Son of a Preacher Man,6.8,All Comedies
Muthu,7.6,All Comedies
Jeans,6.4,All Comedies
Monty Python: Live at Aspen,7.8,All Comedies
Minsara Kanavu,6.7,All Comedies
Duplicate,5.5,All Comedies
Phir Bhi Dil Hai Hindustani,6.1,All Comedies
Bill Hicks: Relentless,,All Comedies
Tim Allen: Rewires America,6.0,All Comedies
Bill Hicks: One Night Stand,,All Comedies
Sinbad: Nothin' but the Funk,6.3,All Comedies
Sinbad: Afros and Bellbottoms,7.8,All Comedies
Before the Flying Circus,7.3,All Comedies
Hello Brother,4.6,All Comedies
Mean Girls,7.1,All Comedies
Old School,7.0,All Comedies
Anchorman: The Legend of Ron Burgundy,7.1,All Comedies
Get Smart,6.5,All Comedies
Grown Ups,5.9,All Comedies
The Girl Next Door,6.7,All Comedies
Not Another Teen Movie,5.7,All Comedies
Harold & Kumar Go to White Castle,7.0,All Comedies
Jackass: The Movie,6.6,All Comedies
Semi-Pro,5.8,All Comedies
Scary Movie 4,5.1,All Comedies
The Sweetest Thing,5.1,All Comedies
How Do You Know,5.4,All Comedies
Due Date,6.5,All Comedies
The Men Who Stare at Goats,6.2,All Comedies
Good Luck Chuck,5.6,All Comedies
Starsky & Hutch,6.1,All Comedies
New York Minute,4.9,All Comedies
Comedian,6.9,All Comedies
Friends with Money,5.8,All Comedies
Life As We Know It,6.5,All Comedies
Death at a Funeral,5.7,All Comedies
Louis C.K.: Hilarious,8.4,All Comedies
Did You Hear About the Morgans?,4.9,All Comedies
Christmas with the Kranks,5.4,All Comedies
Open Season 2,,All Comedies
Trailer Park Boys: The Movie,7.1,All Comedies
Katt Williams: The Pimp Chronicles Pt. 1,7.6,All Comedies
Trailer Park Boys: Countdown to Liquor Day,7.3,All Comedies
Zach Galifianakis: Live at the Purple Onion,7.2,All Comedies
First Sunday,4.5,All Comedies
Bon Cop Bad Cop,6.5,All Comedies
Whitney Cummings: Money Shot,6.2,All Comedies
Jim Gaffigan: King Baby,7.7,All Comedies
Mike Birbiglia: What I Should Have Said Was Nothing,7.6,All Comedies
Anbe Sivam,8.7,All Comedies
Delta Farce,3.6,All Comedies
Phir Hera Pheri,7.1,All Comedies
Da Kath & Kim Code,7.3,All Comedies
Kevin Hart: I'm a Grown Little Man,7.5,All Comedies
Chup Chup Ke,6.9,All Comedies
Whisky,7.1,All Comedies
Ajab Prem Ki Ghazab Kahani,6.3,All Comedies
Jeff Dunham: Arguing with Myself,8.0,All Comedies
Naruto: Ninja Clash in the Land of Snow,6.6,All Comedies
Wake Up Sid,7.6,All Comedies
Awara Paagal Deewana,6.2,All Comedies
I Hate Luv Storys,5.6,All Comedies
One Piece: The Desert Princess and the Pirates: Adventure in Alabasta,6.9,All Comedies
Break Ke Baad,5.1,All Comedies
Trailer Park Boys: Say Goodnight to the Bad Guys,7.8,All Comedies
Honeymoon Travels Pvt. Ltd.,6.1,All Comedies
Dev.D,7.9,All Comedies
Romantik Komedi,5.3,All Comedies
Golmaal Returns,5.1,All Comedies
Oye Lucky! Lucky Oye!,7.7,All Comedies
What's Your Raashee?,4.8,All Comedies
Kyaa Kool Hai Hum,6.1,All Comedies
Jim Gaffigan: Beyond the Pale,7.8,All Comedies
Kevin James: Sweat the Small Stuff,7.4,All Comedies
Mukhsin,7.3,All Comedies
The Trailer Park Boys Xmas Special,8.0,All Comedies
C Kkompany,5.5,All Comedies
Osuofia in London,,All Comedies
Tim Minchin: So F**king Rock Live,,All Comedies
Vizontele,8.0,All Comedies
Welcome to Sajjanpur,6.9,All Comedies
Laugh Out Loud,7.0,All Comedies
Harishchandrachi Factory,8.4,All Comedies
Gina Yashere: Skinny B*tch,6.5,All Comedies
EMI,4.4,All Comedies
My Amnesia Girl,6.7,All Comedies
Jeff Dunham's Very Special Christmas Special,7.4,All Comedies
Kyo Kii... Main Jhuth Nahin Bolta,5.3,All Comedies
Well Done Abba,7.2,All Comedies
Once a Gangster,5.7,All Comedies
Perazhagan,6.4,All Comedies
Aagey Se Right,5.2,All Comedies
Look for a Star,5.6,All Comedies
Dhoondte Reh Jaaoge,5.6,All Comedies
A Very Special Love,6.5,All Comedies
Project X,6.6,All Comedies
Dark Shadows,6.2,All Comedies
Jackass 3.5,,All Comedies
John Mulaney: New in Town,8.2,All Comedies
A Very Harold & Kumar Christmas,6.2,All Comedies
Sebastian Maniscalco: What's Wrong with People?,8.0,All Comedies
What About Dick?,,All Comedies
Donald Glover: Weirdo,7.4,All Comedies
Delhi Belly,7.5,All Comedies
Maria Bamford: The Special Special Special!,7.0,All Comedies
Jim Gaffigan: Mr. Universe,7.7,All Comedies
Big Time Movie,6.1,All Comedies
FRED 3: Camp Fred,2.0,All Comedies
Chillar Party,7.5,All Comedies
Kath & Kimderella,5.3,All Comedies
Tim Minchin and the Heritage Orchestra: Live at the Royal Albert Hall,,All Comedies
Material,7.1,All Comedies
Jeff Dunham: Controlled Chaos,7.4,All Comedies
Lavell Crawford: Can a Brother Get Some Love?,6.9,All Comedies
Jeff Dunham: Minding the Monsters,7.0,All Comedies
Kalakalappu,6.9,All Comedies
Luv Shuv Tey Chicken Khurana,6.6,All Comedies
Husbands in Goa,3.8,All Comedies
Moshe Kasher: Live in Oakland,6.7,All Comedies
Tom Papa: Live in New York City,7.2,All Comedies
My Friend Pinto,5.3,All Comedies
Sisterakas,5.0,All Comedies
Phone Swap,6.2,All Comedies
Paddington,7.2,All Comedies
St. Vincent,7.2,All Comedies
Scary Movie 5,3.5,All Comedies
Walk of Shame,6.0,All Comedies
The Smurfs 2,5.3,All Comedies
Bill Burr: I'm Sorry You Feel That Way,8.3,All Comedies
Thanks for Sharing,6.4,All Comedies
Queen,8.1,All Comedies
Jackass Presents: Bad Grandpa .5,6.3,All Comedies
Mike Birbiglia: My Girlfriend's Boyfriend,8.0,All Comedies
The Nut Job,5.7,All Comedies
Tom Segura: Completely Normal,7.7,All Comedies
Search Party,5.6,All Comedies
Jinxed,6.3,All Comedies
Ralphie May: Imperfectly Yours,5.4,All Comedies
Hasee Toh Phasee,6.8,All Comedies
Jim Jefferies: Bare,8.0,All Comedies
Boss,5.1,All Comedies
Khoobsurat,6.4,All Comedies
Selfie,6.0,All Comedies
Chashme Baddoor,5.4,All Comedies
Jim Gaffigan: Obsessed,7.6,All Comedies
Jeff Dunham: All Over the Map,7.1,All Comedies
Aziz Ansari: Buried Alive,7.2,All Comedies
Trailer Park Boys - Live in F**kin' Dublin,6.2,All Comedies
Marc Maron: Thinky Pain,7.3,All Comedies
SDU: Sex Duties Unit,5.9,All Comedies
Wedding Association,7.0,All Comedies
Chelsea Handler: Uganda Be Kidding Me Live,5.8,All Comedies
Swearnet: The Movie,6.0,All Comedies
The Midas Touch,5.0,All Comedies
Gori Tere Pyaar Mein,4.9,All Comedies
Trailer Park Boys: Live at the North Pole,6.7,All Comedies
One by Two,3.9,All Comedies
Romantik Komedi 2: Bekarlığa Veda,5.1,All Comedies
Gollu Aur Pappu,3.8,All Comedies
Must Be... Love,6.4,All Comedies
Swearnet Live,5.3,All Comedies
Himmatwala,1.7,All Comedies
Theeya Velai Seiyyanum Kumaru,5.3,All Comedies
D.L. Hughley: Clear,6.8,All Comedies
Flower Girl,6.0,All Comedies
Starting Over Again,8.3,All Comedies
Motu Patlu: Deep Sea Adventure,,All Comedies
Settai,4.5,All Comedies
Grandmother's Farm,2.9,All Comedies
Wyatt Cenac: Brooklyn,6.3,All Comedies
Todd Glass Talks About Stuff,,All Comedies
Mumbai Delhi Mumbai,5.7,All Comedies
"Hail, Caesar!",6.3,All Comedies
The DUFF,6.4,All Comedies
The Fundamentals of Caring,7.3,All Comedies
Mascots,5.8,All Comedies
Bo Burnham: Make Happy,8.4,All Comedies
Mindhorn,6.3,All Comedies
You're My Boss,6.3,All Comedies
David Brent: Life on the Road,6.3,All Comedies
Tramps,6.5,All Comedies
Special Correspondents,5.8,All Comedies
Bert Kreischer: The Machine,7.6,All Comedies
Results,5.4,All Comedies
Sebastian Maniscalco: Why Would You Do That?,7.4,All Comedies
John Mulaney: The Comeback Kid,7.9,All Comedies
Kung Fu Panda: Secrets of the Scroll,,All Comedies
Anthony Jeselnik: Thoughts and Prayers,,All Comedies
Taxi Driver,6.0,All Comedies
Ali Wong: Baby Cobra,7.5,All Comedies
A Very Murray Christmas,5.5,All Comedies
Always Be My Maybe,6.6,All Comedies
Colin Quinn: The New York Story,6.9,All Comedies
Kevin Hart: What Now?,5.9,All Comedies
Veteran,7.0,All Comedies
Opening Night,6.0,All Comedies
Shaun the Sheep: The Farmer's Llamas,6.8,All Comedies
Un + une,6.2,All Comedies
Servant Of The People 2,6.2,All Comedies
Kathleen Madigan: Bothering Jesus,,All Comedies
Heneral Luna,7.3,All Comedies
Ordinary World,5.5,All Comedies
Demetri Martin: Live (At The Time),7.4,All Comedies
Gabriel Iglesias: I'm Sorry for What I Said When I Was Hungry,7.4,All Comedies
Ralphie May: Unruly,,All Comedies
Manson Family Vacation,5.8,All Comedies
Jimmy Carr: Funny Business,7.2,All Comedies
Aziz Ansari: Live at Madison Square Garden,6.6,All Comedies
Chris Tucker: Live,6.3,All Comedies
"Dana Carvey: Straight White Male, 60",6.5,All Comedies
Russell Peters: Almost Famous,6.6,All Comedies
Colin Quinn: Unconstitutional,7.1,All Comedies
Jim Jefferies: Freedumb,7.7,All Comedies
Breaking the Bank,4.8,All Comedies
Chronically Metropolitan,4.9,All Comedies
Hannibal Buress: Comedy Camisado,6.6,All Comedies
Anjelah Johnson: Not Fancy,5.7,All Comedies
Triumph in the Skies,4.3,All Comedies
Tom Segura: Mostly Stories,7.5,All Comedies
Garfunkel and Oates: Trying to be Special,7.3,All Comedies
Slam,6.1,All Comedies
Shaandaar,3.6,All Comedies
Schubert in Love,5.0,All Comedies
Frank and Cindy,6.1,All Comedies
Dharam Sankat Mein,6.3,All Comedies
Puerto Ricans in Paris,5.3,All Comedies
Love O2O,6.4,All Comedies
"Liar, Liar, Vampire",5.7,All Comedies
Patton Oswalt: Talking for Clapping,6.7,All Comedies
Selfie 69,6.1,All Comedies
Ricardo O'Farrill: Abrazo Genial,5.5,All Comedies
Iliza Shlesinger: Confirmed Kills,6.6,All Comedies
Umrika,6.6,All Comedies
Michael Che Matters,7.2,All Comedies
Brent Morin: I'm Brent Morin,6.5,All Comedies
Joe Rogan: Triggered,7.4,All Comedies
Kyaa Kool Hain Hum 3,1.9,All Comedies
David Cross: Making America Great Again,6.5,All Comedies
Jeff Dunham: Unhinged in Hollywood,6.7,All Comedies
Sofía Niño de Rivera: Exposed,7.3,All Comedies
I Love You,4.7,All Comedies
Iliza Shlesinger: Freezing Hot,6.8,All Comedies
Katti Batti,4.6,All Comedies
Mike Epps: Don't Take It Personal,4.4,All Comedies
Bangistan,4.5,All Comedies
Theo Von: No Offense,5.6,All Comedies
Ricardo O'Farrill: abrazo navideño,5.7,All Comedies
"Trailer Park Boys: Drunk, High and Unemployed: Live In Austin",6.5,All Comedies
The Massively Mixed-Up Middle School Mystery,7.3,All Comedies
Poshter Girl,6.6,All Comedies
Jeff Foxworthy & Larry the Cable Guy: We've Been Thinking,5.9,All Comedies
Jen Kirkman: I'm Gonna Die Alone (And I Feel Fine),6.8,All Comedies
Reggie Watts: Spatial,6.0,All Comedies
Meet The in-Laws,6.0,All Comedies
Brother Jekwu,,All Comedies
Hans Teeuwen: Echte Rancune,,All Comedies
Chris D'Elia: Incorrigible,6.4,All Comedies
Kara Bela,6.7,All Comedies
Carlos Ballarta: el amor es de putos,7.0,All Comedies
Sen Benim HerŞeyimsin,6.2,All Comedies
A Chaster Marriage,5.4,All Comedies
Cedric the Entertainer: Live from the Ville,6.2,All Comedies
Wedding Association 2: Circumcision,6.3,All Comedies
Brahman Naman,5.5,All Comedies
Santa Banta Pvt Ltd,2.7,All Comedies
Dieter Nuhr: Nuhr in Berlin,4.7,All Comedies
Ave Maria,,All Comedies
Niyazi Gül Dörtnala,4.5,All Comedies
Husband Factor,6.2,All Comedies
Husband Factor: Resurrection,5.3,All Comedies
The Tour,,All Comedies
The Super Parental Guardians,4.4,All Comedies
Souk Bazaar,5.2,All Comedies
The Last Egg,4.8,All Comedies
Jandino: Whatever it Takes,4.5,All Comedies
Janoskians: Untold and Untrue,3.7,All Comedies
Sommore: The Reign Continues,7.0,All Comedies
Just the Way You Are,6.3,All Comedies
Dedemin Fişi,5.5,All Comedies
My Stupid Boss,7.1,All Comedies
The Third Party,6.1,All Comedies
Vice,7.2,All Comedies
Tully,7.0,All Comedies
The Babysitter,6.4,All Comedies
The Package,5.5,All Comedies
The Meyerowitz Stories (New and Selected),6.9,All Comedies
Step Sisters,5.4,All Comedies
To All the Boys I've Loved Before,7.1,All Comedies
Private Life,7.2,All Comedies
Dumplin',6.5,All Comedies
Duck Butter,5.2,All Comedies
"Game Over, Man!",5.4,All Comedies
Steve Martin and Martin Short: An Evening You Will Forget for the Rest of Your Life,7.1,All Comedies
Hampstead,6.0,All Comedies
Hannah Gadsby: Nanette,8.1,All Comedies
Bad Genius,7.6,All Comedies
The Kissing Booth,5.9,All Comedies
A Futile and Stupid Gesture,6.7,All Comedies
The After Party,5.7,All Comedies
Goon: Last of the Enforcers,5.8,All Comedies
A Bad Moms Christmas,5.6,All Comedies
The Week Of,5.2,All Comedies
The Breaker Upperers,5.9,All Comedies
The Long Dumb Road,6.1,All Comedies
Dude,5.2,All Comedies
Win It All,6.2,All Comedies
John Mulaney: Kid Gorgeous at Radio City,7.9,All Comedies
Ibiza,5.2,All Comedies
Cristela Alonzo: Lower Classy,6.4,All Comedies
Bathtubs Over Broadway,7.6,All Comedies
Adam Sandler: 100% Fresh,7.5,All Comedies
The Polka King,5.9,All Comedies
Show Dogs,3.8,All Comedies
Girlfriend's Day,5.2,All Comedies
Sandy Wexler,5.2,All Comedies
Alex Strangelove,6.3,All Comedies
Mr. Roosevelt,6.2,All Comedies
Ricky Gervais: Humanity,8.0,All Comedies
The Christmas Chronicles,7.0,All Comedies
The World Is Yours,6.3,All Comedies
Toc Toc,6.8,All Comedies
The Clapper,5.1,All Comedies
Fun Mom Dinner,5.3,All Comedies
MILF,4.8,All Comedies
Trevor Noah: Son of Patricia,7.3,All Comedies
"Norm Macdonald: Hitler's Dog, Gossip & Trickery",7.4,All Comedies
John Leguizamo's Latin History for Morons,7.3,All Comedies
Jo Koy: Live from Seattle,7.2,All Comedies
"Oh, Hello on Broadway",7.7,All Comedies
The Outcasts,5.4,All Comedies
How to Be Really Bad,6.2,All Comedies
Father of the Year,5.2,All Comedies
Puss in Book: Trapped in an Epic Tale,,All Comedies
Demetri Martin: The Overthinker,7.2,All Comedies
Dry Martina,5.8,All Comedies
El Camino Christmas,5.7,All Comedies
The Legacy of a Whitetail Deer Hunter,5.5,All Comedies
My Masterpiece,7.1,All Comedies
Hasan Minhaj: Homecoming King,8.2,All Comedies
The Climb,6.9,All Comedies
Iliza Shlesinger: Elder Millennial,7.2,All Comedies
"Ron White: If You Quit Listening, I'll Shut Up",6.5,All Comedies
Craig Ferguson: Tickle Fight,6.6,All Comedies
Lommbock,6.7,All Comedies
Tig Notaro: Happy To Be Here,6.6,All Comedies
Holy Camp!,6.2,All Comedies
Pottersville,5.4,All Comedies
Seth Rogen's Hilarity for Charity,5.0,All Comedies
Charming,5.6,All Comedies
Budapest,5.4,All Comedies
Thi Mai,6.0,All Comedies
Holy Goalie,5.3,All Comedies
Killing Hasselhoff,4.4,All Comedies
Naked,5.4,All Comedies
Jim Jefferies: This Is Me Now,7.3,All Comedies
Si saben cómo me pongo ¿Pa' qué me invitan?,4.5,All Comedies
It's for Your Own Good,5.5,All Comedies
The Laws of Thermodynamics,6.0,All Comedies
Handsome: A Netflix Mystery Movie,5.2,All Comedies
Hometown Holiday,5.0,All Comedies
Something Huge,4.4,All Comedies
The Awakening of Motti Wolkenbruch,6.6,All Comedies
Bill Burr: Walk Your Way Out,7.2,All Comedies
Greg Davies: You Magnificent Beast,7.1,All Comedies
Catfight,5.9,All Comedies
Toilet: A Love Story,7.2,All Comedies
Ryan Hamilton: Happy Face,7.3,All Comedies
Bad Seeds,7.3,All Comedies
The Mansion,4.6,All Comedies
Yucatán,5.5,All Comedies
Mike Birbiglia: Thank God for Jokes,7.5,All Comedies
Sun Dogs,6.2,All Comedies
Bomb Scared,5.6,All Comedies
Chris Rock: Tamborine,6.6,All Comedies
Take Me,6.1,All Comedies
Patton Oswalt: Annihilation,7.2,All Comedies
Rory Scovel Tries Stand-Up for the First Time,6.7,All Comedies
Jagga Jasoos,6.3,All Comedies
Katt Williams: Great America,6.2,All Comedies
Qarib Qarib Singlle,7.1,All Comedies
Duck Duck Goose,5.7,All Comedies
Hari Kondabolu: Warn Your Relatives,6.5,All Comedies
The Tribe,5.8,All Comedies
Sudani from Nigeria,8.2,All Comedies
Candy Jar,5.8,All Comedies
Neal Brennan: 3 Mics,7.9,All Comedies
"To Each, Her Own",5.4,All Comedies
Jerry Before Seinfeld,7.0,All Comedies
Dany Boon: Des Hauts-De-France,6.2,All Comedies
Jack Whitehall: At Large,6.8,All Comedies
Trevor Noah: Afraid of the Dark,7.2,All Comedies
Spivak,5.6,All Comedies
"Love, Surreal and Odd",5.6,All Comedies
Jefe,5.4,All Comedies
Jim Gaffigan: Cinco,7.1,All Comedies
The Art of Loving: Story of Michalina Wislocka,7.1,All Comedies
Love per Square Foot,7.2,All Comedies
Ali Wong: Hard Knock Wife,7.3,All Comedies
Tom Segura: Disgraceful,7.5,All Comedies
Superlopez,5.4,All Comedies
Judd Apatow: The Return,6.2,All Comedies
Sarah Silverman: A Speck of Dust,6.9,All Comedies
Pa Paandi,7.4,All Comedies
Dismissal,5.0,All Comedies
Brian Regan: Nunchucks and Flamethrowers,6.3,All Comedies
#realityhigh,5.1,All Comedies
DeRay Davis: How to Act Black,6.1,All Comedies
Def Comedy Jam 25,6.6,All Comedies
The Suit,5.3,All Comedies
Amy Schumer: The Leather Special,3.1,All Comedies
Maz Jobrani: Immigrant,6.7,All Comedies
How to Get Over a Breakup,6.1,All Comedies
Katherine Ryan: In Trouble,7.0,All Comedies
Sofía Niño de Rivera: Natural Selection,6.9,All Comedies
Nappily Ever After,6.4,All Comedies
Christina P: Mother Inferior,6.4,All Comedies
Mustang Island,6.2,All Comedies
Cycle,8.1,All Comedies
Tiffany Haddish: She Ready! From the Hood to Hollywood!,6.7,All Comedies
Party Monster: Scratching the Surface,,All Comedies
5 Star Christmas,4.5,All Comedies
Judah Friedlander: America Is the Greatest Country in the United States,7.8,All Comedies
Take the 10,4.7,All Comedies
The Bros,6.1,All Comedies
Jim Norton: Mouthful of Shame,7.0,All Comedies
Blanche Gardin: I Talk to Myself,7.9,All Comedies
Malena Pichot: Estupidez compleja,5.7,All Comedies
The Girl Allergic to Wi-Fi,6.2,All Comedies
In the Family,7.7,All Comedies
Bert Kreischer: Secret Time,7.3,All Comedies
Gad Gone Wild,6.9,All Comedies
Russell Howard: Recalibrate,7.4,All Comedies
Marlon Wayans: Woke-ish,6.5,All Comedies
Monster Island,4.7,All Comedies
Njan Prakashan,7.6,All Comedies
Maria Bamford: Old Baby,6.1,All Comedies
Gad Elmaleh: American Dream,7.2,All Comedies
"Michael Bolton's Big, Sexy Valentine's Day Special",6.8,All Comedies
Buddy Thunderstruck: The Maybe Pile,,All Comedies
Good Game: The Beginning,4.4,All Comedies
Tattoo of Revenge,4.9,All Comedies
Love Jacked,5.8,All Comedies
Turkish Dance School,5.6,All Comedies
Russell Brand: Re:Birth,6.5,All Comedies
El club de los buenos infieles,5.5,All Comedies
Jeff Dunham: Relative Disaster,6.4,All Comedies
Kevin James: Never Don't Give Up,6.2,All Comedies
Lucas Brothers: On Drugs,5.7,All Comedies
Freej Al Taibeen,5.8,All Comedies
For Here or to Go?,6.7,All Comedies
Rodney Carrington: Here Comes the Truth,4.5,All Comedies
Marc Maron: Too Real,7.2,All Comedies
Joe Rogan: Strange Times,7.3,All Comedies
Lynne Koplitz: Hormonal Beast,6.3,All Comedies
Vir Das: Abroad Understanding,6.9,All Comedies
Joaquín Reyes: Una y no más,,All Comedies
The Insomnia Club,6.2,All Comedies
Super Monsters and the Wish Star,,All Comedies
W. Kamau Bell: Private School Negro,6.4,All Comedies
Poster Boys,5.4,All Comedies
Marriage Palace,6.2,All Comedies
Bygones Be Bygones,6.2,All Comedies
Finally Found Someone,5.7,All Comedies
Chris D'Elia: Man on Fire,6.5,All Comedies
Rafinha Bastos: Ultimatum,6.5,All Comedies
Franco Escamilla: Por La Anécdota,6.9,All Comedies
Fantastica,3.6,All Comedies
"El Especial de Alex Fernández, el Especial",6.7,All Comedies
Vir Das: Losing It,7.0,All Comedies
Penalty Kick,3.7,All Comedies
Brad Paisley's Comedy Rodeo,5.7,All Comedies
Tracy Morgan: Staying Alive,6.3,All Comedies
Todo lo que sería Lucas Lauriente,6.7,All Comedies
Todd Barry: Spicy Honey,6.8,All Comedies
My Travel Buddy,6.1,All Comedies
Mo Amer: The Vagabond,7.3,All Comedies
What Did I Mess,7.1,All Comedies
"Edmilson Filho: Notas, Comedy about Relationships",4.9,All Comedies
Brij Mohan Amar Rahe!,6.9,All Comedies
Luciano Mellera: Infantiloide,7.5,All Comedies
Coco y Raulito: Carrusel de ternura,6.6,All Comedies
Agustín Aristarán: Soy Rada,6.2,All Comedies
Aditi Mittal: Things They Wouldn't Let Me Say,4.3,All Comedies
Fary Is the New Black,5.8,All Comedies
DTC –Yukemuri Junjo Hen– from HiGH&LOW,7.0,All Comedies
Alejandro Riaño: Especial de stand up,4.9,All Comedies
Night of Knots,5.4,All Comedies
Bonboné,,All Comedies
Hedefim Sensin,6.2,All Comedies
Motu Patlu in Dragon World,,All Comedies
Thug Life,5.7,All Comedies
Table Manners,5.1,All Comedies
Na stojáka v kině,5.0,All Comedies
Daniel Sosa: Sosafado,5.4,All Comedies
The Royal Hibiscus Hotel,5.4,All Comedies
Alan Saldaña: mi vida de pobre,6.3,All Comedies
Mama's Boy,6.1,All Comedies
Natalia Valdebenito: El especial,5.0,All Comedies
Mau Nieto: viviendo sobrio… desde el bar,6.7,All Comedies
Mrs. Miracle Animals: An Squirrel's Princess Bride,4.7,All Comedies
Alexis de Anda: Mea Culpa,4.9,All Comedies
Carlos Ballarta: furia ñera,7.2,All Comedies
Marco Luque - We are together,4.3,All Comedies
Felipe Neto: My Life Makes No Sense,4.4,All Comedies
Yoo Byung Jae: Discomfort Zone,,All Comedies
Ricardo Quevedo: Hay gente así,6.3,All Comedies
Shubh Aarambh,6.7,All Comedies
"I, Potro",6.2,All Comedies
Fakkah Fuzz: Almost Banned,4.2,All Comedies
Arango y Sanint: Ríase el show,4.0,All Comedies
Jani Dueñas: Grandes fracasos de ayer y hoy,4.8,All Comedies
Adel Karam: Live from Beirut,5.3,All Comedies
Next Enti?,4.5,All Comedies
Todd Glass: Act Happy,5.1,All Comedies
Fernando Sanjiao: Hombre,6.3,All Comedies
Yoo Byung Jae: Too Much Information,5.3,All Comedies
Potato Potahto,4.1,All Comedies
Harith Iskander: I Told You So,4.6,All Comedies
Santo cachón,4.7,All Comedies
Enissa Amani: Ehrenwort,5.5,All Comedies
Simplemente Manu NNa,5.4,All Comedies
Babamın Ceketi,4.9,All Comedies
Grillo vs Grillo,5.3,All Comedies
Sebastián Marcelo Wainraich,6.4,All Comedies
Baby Mamas,6.6,All Comedies
Kavin Jay : Everybody Calm Down!,5.9,All Comedies
Unexpectedly Yours,6.7,All Comedies
Prince of Peoria: A Christmas Moose Miracle,,All Comedies
D.L. Hughley: Contrarian,6.5,All Comedies
Joe Mande's Award-Winning Comedy Special,6.1,All Comedies
Deliha 2,4.7,All Comedies
Fabrizio Copano: solo pienso en mí,5.0,All Comedies
Jen Kirkman: Just Keep Livin'?,6.8,All Comedies
Wedy Atkalam,5.7,All Comedies
"Yes, God, Yes",6.1,All Comedies
Mank,6.8,All Comedies
Straight Up,6.8,All Comedies
Murder Mystery,6.0,All Comedies
Wine Country,5.4,All Comedies
Bad Trip,6.5,All Comedies
The Half of It,6.9,All Comedies
The Prom,5.9,All Comedies
The Paper Tigers,6.3,All Comedies
Between Two Ferns: The Movie,6.1,All Comedies
American Pie Presents: Girls' Rules,,All Comedies
Over the Moon,6.3,All Comedies
The Forty-Year-Old Version,7.2,All Comedies
Captain Underpants: Epic Choice-o-rama,6.4,All Comedies
Love Wedding Repeat,5.5,All Comedies
Milkwater,,All Comedies
Bill Burr: Paper Tiger,8.1,All Comedies
Dave Chappelle: Sticks & Stones,8.4,All Comedies
"Live Twice, Love Once",7.2,All Comedies
Poms,6.0,All Comedies
Jo Koy: Comin’ In Hot,7.3,All Comedies
The Willoughbys,6.3,All Comedies
An Easy Girl,5.6,All Comedies
Nate Bargatze: The Tennessee Kid,7.6,All Comedies
The Babysitter: Killer Queen,5.8,All Comedies
Tall Girl,5.2,All Comedies
Super Deluxe,8.4,All Comedies
Unbreakable Kimmy Schmidt: Kimmy vs. the Reverend,6.9,All Comedies
Jenny Slate: Stage Fright,5.8,All Comedies
Vampires vs. the Bronx,5.6,All Comedies
Anthony Jeselnik: Fire in the Maternity Ward,7.2,All Comedies
The Stand In,4.7,All Comedies
The Lonely Island Presents: The Unauthorized Bash Brothers Experience,,All Comedies
The Fable,6.5,All Comedies
How High 2,3.0,All Comedies
Friendsgiving,4.4,All Comedies
Jerry Seinfeld: 23 Hours to Kill,6.7,All Comedies
Michelle Wolf: Joke Show,7.2,All Comedies
Death to 2020,6.8,All Comedies
Desperados,5.2,All Comedies
Dave Chappelle: The Kennedy Center Mark Twain Prize,7.4,All Comedies
Sebastian Maniscalco: Stay Hungry,7.0,All Comedies
Gabriel Iglesias: One Show Fits All,7.2,All Comedies
Nikki Glaser: Bangin',6.1,All Comedies
Hannah Gadsby: Douglas,,All Comedies
Almost Love,5.7,All Comedies
Jo Koy: In His Elements,5.4,All Comedies
Taylor Tomlinson: Quarter-Life Crisis,7.4,All Comedies
Benchwarmers 2: Breaking Balls,4.1,All Comedies
Me Against You: Mr. S's Vendetta,1.6,All Comedies
Tom Segura: Ball Hog,7.3,All Comedies
Mike Birbiglia: The New One,7.7,All Comedies
"Love, Guaranteed",5.6,All Comedies
The Kissing Booth 2,5.7,All Comedies
Undercover Brother 2,3.4,All Comedies
Dear Mother,5.8,All Comedies
The F**k-It List,5.1,All Comedies
Ni de coña,2.8,All Comedies
John Mulaney & The Sack Lunch Bunch,7.4,All Comedies
Pets United,3.7,All Comedies
Aziz Ansari: Right Now,7.5,All Comedies
Asphalt Burning,5.1,All Comedies
All My Friends Are Dead,5.8,All Comedies
Jim Jefferies: Intolerant,7.2,All Comedies
Work It,6.1,All Comedies
A Remarkable Tale,5.3,All Comedies
So My Grandma's a Lesbian!,4.3,All Comedies
Tom Papa: You're Doing Great!,7.2,All Comedies
"Frankenstein's Monster's Monster, Frankenstein",5.8,All Comedies
Marc Maron: End Times Fun,6.8,All Comedies
Otherhood,6.1,All Comedies
Sextuplets,4.4,All Comedies
Feel the Beat,6.3,All Comedies
"Oh, Ramona!",4.8,All Comedies
Rich in Love,6.0,All Comedies
Best of Stand-up 2020,5.4,All Comedies
Jimmy Carr: The Best of Ultimate Gold Greatest Hits,7.3,All Comedies
4 latas,5.9,All Comedies
Kevin Hart: Zero F**ks Given,6.0,All Comedies
Michael McIntyre: Showman,7.1,All Comedies
Wanda Sykes: Not Normal,7.2,All Comedies
Grand-Daddy Day Care,4.9,All Comedies
The Last Laugh,5.6,All Comedies
Pete Davidson: Alive from New York,6.1,All Comedies
Katherine Ryan: Glitter Room,6.7,All Comedies
Jack Whitehall: I'm Only Joking,6.6,All Comedies
Kevin Hart: Irresponsible,6.5,All Comedies
Airplane Mode,5.1,All Comedies
The Knight Before Christmas,5.5,All Comedies
Made in China,6.2,All Comedies
Rising High,5.9,All Comedies
Rhys Nicholson: Live at the Athenaeum,7.5,All Comedies
Ronny Chieng: Asian Comedian Destroys America!,7.4,All Comedies
Luka Chuppi,6.3,All Comedies
Bheeshma,6.5,All Comedies
Three Thieves,8.2,All Comedies
The Millions,5.4,All Comedies
Eric Andre: Legalize Everything,6.1,All Comedies
Wheels of Fortune,5.3,All Comedies
"Berlin, Berlin",3.8,All Comedies
Kannum Kannum Kollaiyadithaal,7.7,All Comedies
The Princess Switch: Switched Again,,All Comedies
Bert Kreischer: Hey Big Boy,7.0,All Comedies
Midnight at the Magnolia,5.8,All Comedies
The Little Switzerland,4.8,All Comedies
Simon Amstell: Set Free,6.5,All Comedies
Jack Whitehall: Christmas with my Father,6.0,All Comedies
Who Would You Take to a Deserted Island?,5.3,All Comedies
Sarah Cooper: Everything's Fine,5.5,All Comedies
All the Freckles in the World,5.2,All Comedies
Fortune Feimster: Sweet & Salty,6.8,All Comedies
Amy Schumer: Growing,5.4,All Comedies
Motichoor Chaknachoor,5.8,All Comedies
Chris D'Elia: No Pain,5.9,All Comedies
Indoo Ki Jawani,3.0,All Comedies
Franco Escamilla: bienvenido al mundo,7.0,All Comedies
Seth Meyers: Lobby Baby,7.4,All Comedies
Whitney Cummings: Can I Touch It?,6.5,All Comedies
Jeff Dunham: Beside Himself,6.9,All Comedies
Uma Maheswara Ugra Roopasya,7.7,All Comedies
Nate: A One Man Show,6.6,All Comedies
Hazel Brugger: Tropical,6.2,All Comedies
Afonso Padilha: Classless,6.8,All Comedies
Fierce,5.5,All Comedies
The Trap,4.3,All Comedies
Larry the Cable Guy: Remain Seated,6.6,All Comedies
"Ken Jeong: You Complete Me, Ho",5.7,All Comedies
Alex Fernández: The Best Comedian in the World,6.1,All Comedies
"¡Ay, mi madre!",3.9,All Comedies
Thiago Ventura: POKAS,6.4,All Comedies
Dolly Parton's Christmas on the Square,5.2,All Comedies
"Rob Schneider: Asian Momma, Mexican Kids",5.5,All Comedies
Despite Everything,5.3,All Comedies
Tiffany Haddish: Black Mitzvah,6.3,All Comedies
Blanche Gardin - Bonne nuit Blanche,,All Comedies
The Man Who Feels No Pain,7.3,All Comedies
The Claus Family,5.5,All Comedies
Sam Jay: 3 in the Morning,6.4,All Comedies
Iliza Shlesinger: Unveiled,6.5,All Comedies
Michelle Buteau: Welcome to Buteaupia,7.0,All Comedies
Manmadhudu 2,4.8,All Comedies
Just Another Christmas,6.7,All Comedies
So Much Love to Give,,All Comedies
Still Laugh-In: The Stars Celebrate,5.2,All Comedies
Vir Das: For India,7.7,All Comedies
Felix Lobrecht: Hype,5.8,All Comedies
The Unknown Saint,6.5,All Comedies
Varane Avashyamund,6.9,All Comedies
Chopsticks,6.5,All Comedies
Back to School,5.3,All Comedies
"Ray Romano: Right Here, Around the Corner",7.2,All Comedies
Arsenio Hall: Smart and Classy,6.0,All Comedies
Luccas Neto in: Summer Camp,2.8,All Comedies
Maska,5.9,All Comedies
Too Handsome To Handle,6.7,All Comedies
Ginny Weds Sunny,5.7,All Comedies
Kenny Sebastian: The Most Interesting Person in the Room,6.0,All Comedies
A Family Reunion Christmas,5.8,All Comedies
Scarecrow,,All Comedies
Isa Pa with Feelings,7.8,All Comedies
Omo Ghetto: The Saga,7.5,All Comedies
The Knight and the Princess,5.5,All Comedies
Ari Eldjárn: Pardon My Icelandic,,All Comedies
One-Way to Tomorrow,5.6,All Comedies
"Colin Quinn: Red State, Blue State",7.6,All Comedies
Malibu Rescue: The Next Wave,4.8,All Comedies
George Lopez: We'll Do It for Half,5.7,All Comedies
Time Out,5.9,All Comedies
Pegasus,6.3,All Comedies
Krishna and His Leela,5.6,All Comedies
Axone,6.9,All Comedies
Tootsies & The Fake,5.9,All Comedies
Namaste Wahala,5.1,All Comedies
Adam Devine: Best Time of Our Lives,5.9,All Comedies
Stunt School,4.4,All Comedies
Ahaan,7.0,All Comedies
Ricardo Quevedo: los amargados somos más,7.3,All Comedies
Deon Cole: Cole Hearted,6.9,All Comedies
Who's the Boss,5.7,All Comedies
Brother in Love,7.0,All Comedies
Urzila Carlson: Overqualified Loser,6.3,All Comedies
Luccas Neto em: Uma Babá Muito Esquisita,3.0,All Comedies
Jai Mummy Di,3.7,All Comedies
Mauricio Meirelles: Generating Chaos,,All Comedies
Mariposa,6.9,All Comedies
Kevin Hart's Guide to Black History,5.5,All Comedies
London Hughes: To Catch A D*ck,4.7,All Comedies
Jeff Garlin: Our Man in Chicago,5.9,All Comedies
The House of Flowers Presents: The Funeral,,All Comedies
Leslie Jones: Time Machine,,All Comedies
Seriously Single,4.4,All Comedies
Four Sisters Before the Wedding,6.2,All Comedies
Velvet Colección: Grand Finale,7.2,All Comedies
A Home with a View,5.9,All Comedies
Mo Gilligan: Momentum,6.3,All Comedies
Guddiyan Patole,7.0,All Comedies
Kaamyaab,,All Comedies
Liss Pereira: Reteniendo Liquidos,6.4,All Comedies
Mike Epps: Only One Mike,4.7,All Comedies
Whindersson Nunes: Adulto,7.0,All Comedies
Kandasamys: The Wedding,6.0,All Comedies
Mujeres arriba,3.8,All Comedies
Kids on the Block,5.6,All Comedies
Kaake Da Viyah,5.1,All Comedies
House Arrest,5.5,All Comedies
Wanted - Matloubin,4.5,All Comedies
David A. Arnold Fat Ballerina,7.3,All Comedies
Feo pero Sabroso,4.3,All Comedies
The American Game,,All Comedies
Francesco De Carlo: Cose di Questo Mondo,6.3,All Comedies
Fadily Camara: La plus drôle de tes copines,5.7,All Comedies
Mohamed Hussein,,All Comedies
Mokalik (Mechanic),6.2,All Comedies
Amit Tandon: Family Tandoncies,7.1,All Comedies
The Panti Sisters,5.5,All Comedies
Sur Sapata,7.3,All Comedies
Luccas Neto in: Children's Day,2.5,All Comedies
Death Can Wait,4.6,All Comedies
Born Beautiful,5.4,All Comedies
Grego Rossello: Disculpe las molestias,4.5,All Comedies
Kalek Shanab,,All Comedies
Saverio Raimondo: Il Satiro Parlante,5.7,All Comedies
Mutiny of the Worker Bees,4.1,All Comedies
RK Nagar,5.1,All Comedies
"Martin Matte: La vie, la mort... eh la la..!",6.5,All Comedies
David Batra: Elephant in The Room,5.9,All Comedies
Uncle Naji in UAE,5.0,All Comedies
Super Monsters: Vida's First Halloween,5.9,All Comedies
An Unremarkable Christmas,3.2,All Comedies
"Yours Sincerely, Kanan Gill",7.1,All Comedies
Finding Hubby,,All Comedies
Alelí,6.3,All Comedies
Daniel Sosa: Maleducado,6.1,All Comedies
The App That Stole Christmas,3.7,All Comedies
Park Na-rae: Glamour Warning,,All Comedies
Crazy Awesome Teachers,6.1,All Comedies
Vir Das: Outside in - The Lockdown Special,6.4,All Comedies
Leyla Everlasting,3.7,All Comedies
My Stupid Boss 2,6.6,All Comedies
Fate of Alakada,6.9,All Comedies
Sab el-Burumbah,5.6,All Comedies
Holy Expectations,5.2,All Comedies
Nenjamundu Nermaiyundu Odu Raja,6.1,All Comedies
Miranda Sings Live... Your Welcome,5.4,All Comedies
Edoardo Ferrario: Temi Caldi,6.5,All Comedies
Sing 2,7.4,All Comedies
The Sea Beast,7.1,All Comedies
Valley of the Dead,6.5,All Comedies
Bill Burr: Live at Red Rocks,7.8,All Comedies
Don't Look Up,7.2,All Comedies
Dave Chappelle: What's in a Name?,,All Comedies
The Mitchells vs. the Machines,7.6,All Comedies
Senior Year,5.5,All Comedies
Norm Macdonald: Nothing Special,7.6,All Comedies
The Bubble,4.7,All Comedies
For Jojo,4.2,All Comedies
The Best of Netflix Is a Joke: The Festival,,All Comedies
Ricky Gervais: SuperNature,7.8,All Comedies
Bo Burnham: Inside,8.7,All Comedies
Army of Thieves,6.4,All Comedies
Jackass 4.5,,All Comedies
A Perfect Pairing,6.1,All Comedies
Cristela Alonzo: Middle Classy,6.8,All Comedies
Bigbug,5.4,All Comedies
Bill Burr Presents: Friends Who Kill,4.5,All Comedies
Too Old for Fairy Tales,6.1,All Comedies
Dave Chappelle: The Closer,8.0,All Comedies
Live Is Life,7.0,All Comedies
The Starling,6.3,All Comedies
Yes Day,5.7,All Comedies
Ante... Sundaraniki!,8.0,All Comedies
Joel Kim Booster: Psychosexual,5.5,All Comedies
Taylor Tomlinson: Look at You,7.3,All Comedies
Pete Davidson Presents: The Best Friends,4.7,All Comedies
Jim Gaffigan: Comedy Monster,6.8,All Comedies
David A. Arnold: It Ain't for the Weak,,All Comedies
Tyler Perry's A Madea Homecoming,5.6,All Comedies
Amy Schumer Presents: Parental Advisory,3.8,All Comedies
He's All That,4.3,All Comedies
Aziz Ansari: Nightclub Comedian,7.0,All Comedies
Ali Wong: Don Wong,6.5,All Comedies
Jimmy Carr: His Dark Material,7.1,All Comedies
Paul Virzi: Nocturnal Admissions,7.1,All Comedies
Minnal Murali,8.1,All Comedies
Good on Paper,5.6,All Comedies
David Spade: Nothing Personal,5.8,All Comedies
F3: Fun and Frustration,5.5,All Comedies
Stand Out: An LGBTQ+ Celebration,5.9,All Comedies
Dirty Daddy: The Bob Saget Tribute,6.6,All Comedies
Mandela,,All Comedies
Love and Leashes,6.3,All Comedies
Nate Bargatze: The Greatest Average American,7.3,All Comedies
Badhaai Do,7.1,All Comedies
Jane Fonda & Lily Tomlin: Ladies Night Live,5.5,All Comedies
Mixtape,6.6,All Comedies
Dear Friend,5.9,All Comedies
Marilyn's Eyes,6.6,All Comedies
The Loud House Movie,6.1,All Comedies
Honeymoon With My Mother,5.8,All Comedies
Death to 2021,6.3,All Comedies
Bruna Louise: Demolition,4.5,All Comedies
Tall Girl 2,4.7,All Comedies
Heart Parade,4.9,All Comedies
Brian Regan: On the Rocks,6.8,All Comedies
Four to Dinner,6.3,All Comedies
Katt Williams: World War III,4.6,All Comedies
Stuck Together,6.3,All Comedies
F*ck Love Too,3.8,All Comedies
Chappelle's Home Team - Earthquake: Legendary,6.9,All Comedies
The Trip 6,3.2,All Comedies
Jeff Foxworthy: The Good Old Days,6.1,All Comedies
The Perfect Family,5.3,All Comedies
Nicole Byer: BBW (Big Beautiful Weirdo),5.7,All Comedies
Sounds Like Love,5.4,All Comedies
Secret Magic Control Agency,6.2,All Comedies
Mimi,,All Comedies
The Princess Switch 3: Romancing the Star,5.5,All Comedies
Ronny Chieng: Speakeasy,6.3,All Comedies
Jonas Brothers Family Roast,5.2,All Comedies
40 Love,,All Comedies
Roohi,4.3,All Comedies
Confessions of an Invisible Girl,5.2,All Comedies
Theo Von: Regular People,5.1,All Comedies
Chris Rock Total Blackout: The Tamborine Extended Cut,7.1,All Comedies
Christina P: Mom Genes,5.8,All Comedies
Phil Wang: Philly Philly Wang Wang,6.1,All Comedies
40 Years Young,4.3,All Comedies
Love Tactics,5.2,All Comedies
Yuri Marçal: Honest Mistake,6.1,All Comedies
The Secret Diary of an Exchange Student,5.3,All Comedies
Hate by Dani Rovira,6.7,All Comedies
Dasvi,7.4,All Comedies
Spoiled Brats,6.1,All Comedies
Squared Love,5.1,All Comedies
Carnaval,4.0,All Comedies
All About Gila,4.2,All Comedies
Just Say Yes,4.5,All Comedies
Sex: Unzipped,2.5,All Comedies
This Is Not a Comedy,4.9,All Comedies
Jagame Thandhiram,5.8,All Comedies
Mike Epps: Indiana Mike,4.2,All Comedies
Ms. Pat: Y'all Wanna Hear Something Crazy?,5.9,All Comedies
Whindersson Nunes: My Own Show!,7.0,All Comedies
Get the Goat,6.0,All Comedies
Time,,All Comedies
Sweet & Sour,6.7,All Comedies
The Guide to the Perfect Family,6.4,All Comedies
Today We Fix the World,6.2,All Comedies
One Night in Paris,4.5,All Comedies
Chris Distefano: Speshy Weshy,6.4,All Comedies
Only You,6.5,All Comedies
Mommy Issues,5.4,All Comedies
Double Dad,5.6,All Comedies
Into the Wind,5.2,All Comedies
A California Christmas: City Lights,5.5,All Comedies
Breaded Life,7.7,All Comedies
Father Christmas Is Back,4.5,All Comedies
Meskina,5.6,All Comedies
In for a Murder,5.3,All Comedies
Larva Pendant,,All Comedies
Just Short of Perfect,5.3,All Comedies
One Second,4.7,All Comedies
1000 Miles from Christmas,5.7,All Comedies
Michael Che: Shame the Devil,6.4,All Comedies
Pagglait,6.9,All Comedies
Carlos Ballarta: False Prophet,6.7,All Comedies
The Humans & the Mongoose,5.4,All Comedies
Aelay,,All Comedies
The Land,6.1,All Comedies
"Michela Giraud: The Truth, I Swear!",5.5,All Comedies
Carolin Kebekus: The Last Christmas Special,4.7,All Comedies
Cem Yılmaz: Diamond Elite Platinum Plus,6.6,All Comedies
Sardar Ka Grandson,4.2,All Comedies
Mo Gilligan: There's Mo to Life,5.8,All Comedies
Mo Amer: Mohammed in Texas,6.5,All Comedies
Kapil Sharma: I'm Not Done Yet,6.9,All Comedies
Grumpy Christmas,4.4,All Comedies
Haroun,6.3,All Comedies
Brother in Love 2,6.5,All Comedies
Bankrolled,4.0,All Comedies
Love Is Color Blind,6.1,All Comedies
Loyiso Gola: Unlearning,5.9,All Comedies
A Perfect Fit,5.3,All Comedies
Chief Daddy 2: Going for Broke,3.0,All Comedies
Alan Saldaña: Locked Up,,All Comedies
Stuck Apart,6.0,All Comedies
"Let's Tie the Knot, Honey!",4.4,All Comedies
"Rodrigo Sant'anna: I'm Here, I'm Queer!",2.6,All Comedies
Little Big Mouth,3.9,All Comedies
A Naija Christmas,4.7,All Comedies
Social Man,,All Comedies
Celeb Five: Behind the Curtain,4.7,All Comedies
Just in Time,6.9,All Comedies
Lokillo: Nothing's the Same,4.7,All Comedies
Lee Su-geun: The Sense Coach,4.1,All Comedies
Soy Rada: Serendipity,6.2,All Comedies
Dearest Boy,6.0,All Comedies
What Happened to Mr Cha?,4.3,All Comedies
The Heartbreak Club,6.3,All Comedies
Angeliena,7.3,All Comedies
Momshies! Your Soul is Mine,5.8,All Comedies
Kongsi Raya,7.0,All Comedies
Princess 'Daya'Reese,7.1,All Comedies
Lokillo,3.8,All Comedies
